store_id,store_name,store_rating,follower_count,source_category
1,Tiki Trading,4.6754,512930,diengiadung
308020,GiaDungNhaThongMinh,4.875,39,diengiadung
29960,CUCKOO Store,4.6289,4894,diengiadung
160749,Mishio Kachi Official,4.503,5396,diengiadung
360957,Seka Official Store,4.0,0,diengiadung
184067,Siêu Thị Điện Máy Từ Sơn,4.7479,123,diengiadung
345161,Gia Dụng Lạc Khải,4.8333,56,diengiadung
18190,Điện máy Sài Gòn,4.8333,15,diengiadung
78619,Muasam247,4.2288,536,diengiadung
138278,AM MART,4.759,0,diengiadung
125683,M2P Shop,4.4853,126,diengiadung
255891,Điện Máy Vạn Kim Tín,4.7778,5,diengiadung
185629,Điện gia dụng Khánh Kim,4.7589,91,diengiadung
12063,Điện Máy Phú Sĩ,4.694,2317,diengiadung
165778,TIGER OFFICIAL FLAGSHIP STORE,4.8142,0,diengiadung
2716,dienmaysaigon.com,4.8186,116,diengiadung
101716,GIA DỤNG TIỆN ÍCH MINH NGỌC,4.7156,1722,diengiadung
162514,Long Hưng Official Store,4.6906,5548,diengiadung
20256,Telovietnam,4.0023,496,diengiadung
4045,NagakawaGroup,4.717,283,diengiadung
33792,Gia Dụng NuHa,4.4103,281,diengiadung
215271,CUCHEN Official Store,5.0,0,diengiadung
7880,dienmaycuongviet,4.6208,616,diengiadung
11119,GIA DỤNG VIỆT,4.3803,1562,diengiadung
173338,SMARTWATCH,4.6007,485,diengiadung
195742,Điện Máy Vymart,4.71,14688,diengiadung
347151,Gian Hàng Gali Chính Hãng,5.0,0,diengiadung
4568,Săn Hàng Rẻ,4.1426,139,diengiadung
232078,IMOU Store,4.7708,1053,diengiadung
109240,CB SMart,5.0,0,diengiadung
6095,ĐIỆN THOẠI SANG,4.1489,19,diengiadung
99996,Tiross Hà Nội,4.4,50,diengiadung
292665,JoyMall Official,4.7143,0,diengiadung
78755,Bepnhatoi,4.7101,45,diengiadung
354109,Philips Home Appliances Official,4.75,0,diengiadung
187653,Korea King Official Store,4.375,32,diengiadung
169426,KitAcoom Official,4.3922,838,diengiadung
16996,The Gioi Dien May Shop,4.588,1355,diengiadung
218,Gia Khang,4.7361,5908,diengiadung
292953,ĐIỆN MÁY TẤN TÀI,4.7929,810,diengiadung
76535,Thế Giới Nồi Cơm Điện,4.2,9,diengiadung
363198,Homechef,0.0,1,diengiadung
38510,JoyMall LocknLock Chính Hãng,4.6924,13047,diengiadung
118815,Dreamer Official,4.7475,114,diengiadung
58532,Trương Thiên Long,4.7547,3535,diengiadung
356807,Benny Store Việt Nam,0.0,0,diengiadung
1957,Bếp Minh Hà,4.5367,0,diengiadung
253296,BLUESTONE OFFICIAL STORE,4.7733,696,diengiadung
307706,LYTY SHOP,5.0,0,diengiadung
203158,Bếp Tôi,4.7321,378,diengiadung
138795,hungvuongjsc,4.4364,113,diengiadung
362770,Casalux Store,0.0,1,diengiadung
34716,GiaPhucStore,4.5924,1044,diengiadung
247324,Cửa hàng Phương Phương,3.858,0,diengiadung
236185,Minhlam Store,4.165,1713,diengiadung
297289,Tổng kho gia dụng 82,4.1818,19,diengiadung
88331,LATH SHOP,4.7644,14743,diengiadung
261657,giadung 01 store,3.9984,74,diengiadung
69337,Home Star Store,4.3274,302,diengiadung
338581,GIA DỤNG BIGSUN,0.0,1,diengiadung
257599,KIPOR STORE,4.8352,619,diengiadung
223710,siêu thị Hương Giang,0.0,0,diengiadung
346472,Hasuka Official Store,0.0,2,diengiadung
65797,GREENBOX,4.5455,0,diengiadung
213616,Pengo Official,5.0,12,diengiadung
337543,MH SHOP ONLINE,5.0,0,diengiadung
5815,Gia Dụng Bình Minh,0.0,0,diengiadung
133145,Điện Máy Cho Mọi Nhà,4.6356,0,diengiadung
236615,Gia Dụng Tiêu Dùng,4.25,0,diengiadung
134974,LEbenlang,4.7082,13107,diengiadung
212054,elecvina,4.5185,59,diengiadung
141439,HP Group,4.0556,48,diengiadung
187775,Tuấn Yến HCM,4.6634,2332,diengiadung
204276,Tiger Queen Official Store,5.0,13,diengiadung
190592,Điện máy Hoàng Kim SG,4.5185,33,diengiadung
235010,Điện gia dụng Đạt Tường chính hãng,4.0,0,diengiadung
207730,Điện Máy Nhà Hàng Công Nghiệp VinSunCom,4.6667,45,diengiadung
67624,AKIA SmartHome Store,4.6798,1426,diengiadung
389,Đại Phát Tài,4.2695,545,diengiadung
134678,Smarthome29,4.277,4081,diengiadung
143120,AHA BẾP,4.4789,68,diengiadung
207775,JP Market 24h,4.6209,253,diengiadung
242964,GiaDungBN,4.6834,165,diengiadung
9652,Crep Protect VN,4.5649,1878,diengiadung
280906,Germania,4.6,32,diengiadung
293565,Nhà Phân Phối Hera House,0.0,1,diengiadung
324274,Comet Official Store,4.6047,0,diengiadung
16654,Điện Gia Dụng SaiGon,4.5933,0,diengiadung
351293,ĐiệnMáyPhúcHưng,0.0,0,diengiadung
180208,Life360 Official Store,4.6758,95,diengiadung
203034,Gia Dụng Trí Vũ,4.3346,547,diengiadung
96269,Đồ Sơ Sinh Mẹ và Bé Chip,4.1148,789,diengiadung
324782,An Minh Store,4.3333,0,diengiadung
110384,Gia dung thong minh Anh Vu,3.5744,30,diengiadung
190480,Kuvings Official Store,4.8462,174,diengiadung
7032,Công ty TNHH MTV Ngô Long Ân,4.3725,0,diengiadung
762,NhaCungCap,4.4405,0,diengiadung
16709,Đại Phát Điện Gia Dụng,0.0,0,diengiadung
287299,D Danido Homie Shop,4.7028,36,diengiadung
34473,Danido Store,4.5177,3529,diengiadung
179711,ĐIỆN MÁY HTG,4.646,0,diengiadung
115692,TAHAWA NHẬT BẢN,4.2727,19,diengiadung
183862,Hải kim long,4.5263,17,diengiadung
317057,IPOM Store,0.0,0,diengiadung
3997,Babymart,4.4998,486,diengiadung
357781,Russell Hobbs official Store,4.0,10,diengiadung
132610,gia dụng mai trang,4.4242,259,diengiadung
58892,GIA DỤNG KHÁNH NGỌC,4.4093,0,diengiadung
91943,Điện Máy Tân Thành Phát,4.5333,0,diengiadung
486,Gia An,4.0757,15,diengiadung
108828,Tiện ích 1708,4.4106,2234,diengiadung
115414,Gold,4.394,848,diengiadung
106295,Chim sẻ đi nắng,4.1503,213,diengiadung
11176,Công Ty Phong Tiến,4.461,30,diengiadung
208147,SIÊU THỊ ĐIỆN MÁY GIA DỤNG,4.3526,0,diengiadung
177099,Hàng Gia Dụng Châu Âu,4.8824,10,diengiadung
357113,Hateco Home Appliances,0.0,1,diengiadung
157145,Gia Thành Decor,4.668,252,diengiadung
18930,FRICO,0.0,0,diengiadung
131457,Khải Minh Store,4.503,372,diengiadung
238957,UNIE Official Store,4.586,1607,diengiadung
195102,Gia Dụng Đạt Tường,3.5,9,diengiadung
19944,Shop Thái Nhật Hàn,4.4438,812,diengiadung
355771,DeLonghi Official Store,4.9,122,diengiadung
11982,VIAICOM,4.3267,19,diengiadung
224679,TD Electrical Supermarket,4.7331,476,diengiadung
279631,Donhapkhau,4.56,0,diengiadung
19548,Detico,4.4056,309,diengiadung
119932,Smartlife247,4.4862,0,diengiadung
107913,Just For You,3.9375,5,diengiadung
40615,COBI HOME,4.6257,186,diengiadung
309071,Luxury Furniture 1,5.0,1,diengiadung
237038,Máy Ép Chậm Máy Xay Sinh Tố Châu Âu,4.8333,38,diengiadung
229959,Cửa hàng Bếp HQ,4.0,6,diengiadung
81199,Hàng tiêu dùng nhập khẩu Shop,4.493,635,diengiadung
130141,Bếp SCO,0.0,0,diengiadung
131818,Siêu Thị Mẹ Gà,0.0,0,diengiadung
123800,MITOMO ELECTRONIC,4.6003,0,diengiadung
290808,Gweich Official Store,0.0,0,diengiadung
99039,Ehouse,4.5663,0,diengiadung
102474,SMART LOVE,4.6063,14,diengiadung
20304,EIE MART,5.0,1,diengiadung
107895,ARCHER Official Store,0.0,5,diengiadung
166157,HH Furniture,4.386,33,diengiadung
56595,ABG Machine,4.0996,520,diengiadung
292952,Gokitchen Store,5.0,3,diengiadung
2672,Yakyo Việt Nam,4.2174,19,diengiadung
333510,JUNGER OFFICIAL,4.5556,42,diengiadung
2268,Sakura Official Store,4.8286,63,diengiadung
155120,thietbinhabep,5.0,10,diengiadung
340697,GIA DỤNG NK KỶ NGUYÊN,4.8,1,diengiadung
168717,KingHomeSG,4.6037,109,diengiadung
63066,Siêu Thị Bếp Vũ Sơn,0.0,0,diengiadung
349062,Rinnai Official,4.9412,0,diengiadung
296453,KAFF Official,4.875,92,diengiadung
197451,GIA ĐÌNH VIỆT KITCHEN,5.0,0,diengiadung
158745,Bếp Bình Minh Bình Dương,2.0,5,diengiadung
16426,Thiết bị nhà bếp Grasso Việt Nam,0.0,0,diengiadung
151632,Bếp Tiện Lợi,0.0,0,diengiadung
114507,Tân Á Đại Thành Official,5.0,21,diengiadung
143534,Ecoramic Official Store,4.6383,29,diengiadung
124364,SMART KITCHENWARE SHOP,4.45455,0,diengiadung
351921,Fushima Vina,0.0,0,diengiadung
310017,Viner,0.0,0,diengiadung
132201,HoangLong,4.25,5,diengiadung
316126,GIA DỤNG INOX,0.0,0,diengiadung
93455,bepnhapkhau,0.0,0,diengiadung
109432,Lorca,0.0,2,diengiadung
70307,Showroom Minh Thư,5.0,0,diengiadung
103955,Điện máy gia dụng Sài Gòn,0.0,0,diengiadung
357354,L ORCA OFFICIAL STORE,0.0,0,diengiadung
338420,Bếp Từ MIFA,0.0,0,diengiadung
9666,Kaff Official Store,4.5714,31,diengiadung
1639,smartTNT,4.0396,69,diengiadung
356472,Bếp Quang Ngọc,5.0,0,diengiadung
9326,Bếp Cường Thịnh,4.4737,0,diengiadung
123983,HiepVan,5.0,2,diengiadung
12442,Thế Giới Bếp Nhập Khẩu,0.0,0,diengiadung
118305,Rommelsbacher,4.4848,0,diengiadung
174366,Thiết bị nhà bếp KZ,0.0,0,diengiadung
44055,BẾP VIỆT,2.0,5,diengiadung
115521,Bếp Amazone,0.0,1,diengiadung
63888,Tổng Kho Bếp Nhập Khẩu,3.9167,0,diengiadung
171822,TOMATE OFFICIAL STORE,5.0,3,diengiadung
160033,Raishop,0.0,0,diengiadung
229949,CS MALAYSIA,0.0,1,diengiadung
157139,Gia Cát Tường,0.0,0,diengiadung
78447,BẾP ĐẠI VIỆT,0.0,0,diengiadung
195322,Bếp Điện Từ Minh Thư,0.0,0,diengiadung
177315,Nội thất Xanh Home,0.0,0,diengiadung
42707,Bếp Kường Thịnh,0.0,0,diengiadung
27811,Siêu Thị Best House,0.0,0,diengiadung
44793,NỘI THẤT THÁI HƯNG,0.0,0,diengiadung
8013,BẾP BẢO TÍN - Thiết Bị Bếp Hàng Đầu Châu Âu,4.375,0,diengiadung
158098,Bếp Đức Thanh HTP,0.0,0,diengiadung
62356,Bếp Trường Phát,4.6667,3,diengiadung
73383,Bếp Nhà Việt,0.0,0,diengiadung
237766,Viet Home Store,0.0,5,diengiadung
157635,VinaFaro - Giải Pháp Bếp Thông Minh,0.0,0,diengiadung
70376,Padeco,0.0,0,diengiadung
128428,Hawonkoo gia dụng quốc dân,4.51759,0,diengiadung
33775,Nội thất Hân Di,4.8,0,diengiadung
32267,Siêu thị bếp nhập khẩu cocokitchen,4.1121,0,diengiadung
9411,ECOM VIỆT NAM,4.2126,455,diengiadung
4567,KOENIC,0.0,0,diengiadung
331013,iMat Gia dụng tiện ích,4.8571,0,diengiadung
28721,SÀI GÒN HOMEKITCHEN,4.2543,509,diengiadung
60794,Nhà Đẹp Lắm,3.6316,31,diengiadung
157889,Bếp Hạnh Phúc,0.0,0,diengiadung
182493,Bếp Gas Minh Phúc Đồng Nai,4.7071,13,diengiadung
1281,PAULEE,4.4855,52,diengiadung
240,NaMilux Official Store,4.7741,0,diengiadung
326267,PiTi Homy,5.0,11,diengiadung
257745,DZM ĐIỆN MÁY ONLINE,5.0,6,diengiadung
47482,HÀ THÀNH GIA DỤNG,4.3153,0,diengiadung
248227,Nhà Bếp Halsan,0.0,0,diengiadung
358977,SUNCOJIA SHOP,5.0,0,diengiadung
243363,LocHoaPhat,4.7273,0,diengiadung
47952,Kitchen Store,5.0,1,diengiadung
158877,Liên Minh 1974,4.4667,343,diengiadung
97441,Luckky Shop,4.4696,600,diengiadung
110808,Bếp Gas Trường Thành,4.3388,0,diengiadung
161884,Quân Camp,4.8597,163,diengiadung
167200,Bếp Đại Nam,4.0,30,diengiadung
177130,Elica Store,0.0,0,diengiadung
16958,BepNhapKhauQV,4.3291,0,diengiadung
7996,Mua sắm điện máy,4.6259,326,diengiadung
156174,Điện Máy Quang Minh Quamitek,3.0,1,diengiadung
19606,Siêu thị máy pha cà phê,5.0,40,diengiadung
8905,Kitchen Koncept,4.6163,3521,diengiadung
241398,XỐP DÁN TƯỜNG 3D TÂN PHÚ,4.5559,133,diengiadung
353491,OM LUCKY WAHIK,4.3893,159,diengiadung
124000,Dan and Dan Hotel Supplies,4.5556,0,diengiadung
17267,DC THẾ GIỚI ĐỒ CHƠI Ô TÔ,4.2927,705,diengiadung
44857,DAMAS Official Store,4.5225,2159,diengiadung
5806,FAMICHEF,4.3485,261,diengiadung
19562,Vỉ nướng điện Zuco,0.0,0,diengiadung
203229,Hayasa Auth,0.0,0,diengiadung
57154,Agiadep Brand,4.1751,423,diengiadung
190482,POONGNYUN OFFICIAL STORE,4.8182,0,diengiadung
156876,Honest Kitchen,0.0,5,diengiadung
66603,JTC OmniBlend Official,4.832,121,diengiadung
18940,tosotec,4.5789,0,diengiadung
202207,Lorente Flagship Store,0.0,0,diengiadung
6910,Procaffe,4.6429,234,diengiadung
310368,Uniblend Official,0.0,4,diengiadung
16347,DandiHome Việt Nam,4.736,2574,diengiadung
172308,Tiêu dùng thông minh 247,4.4543,504,diengiadung
48348,Shop Gia Dụng Châu ÂU,4.777,55,diengiadung
137411,Phụ Kiện Store 76,4.4328,2668,diengiadung
99208,CORADO,3.9001,35,diengiadung
170358,DỤNG CỤ Y TẾ SỨC KHỎE DRVIET,4.5152,24,diengiadung
96274,NHÀ CỦA MẸ,4.362,675,diengiadung
94371,Điện Máy MIAKO,4.3731,29,diengiadung
275379,Nppanhduong,0.0,1,diengiadung
235843,giadungtphcm,0.0,0,diengiadung
8410,Thegioiamthanh,3.9543,0,diengiadung
112137,DC THẾ GIỚI PHỤ KIỆN CÔNG NGHỆ Ô TÔ,4.4445,219,diengiadung
8081,Thang Nhôm HAKAWA,4.6032,2591,diengiadung
256950,THẾ GIỚI ĐIỆN MÁY GIA DỤNG,4.4828,96,diengiadung
112115,TỔNG KHO ĐIỆN MÁY - GIA DỤNG,4.4119,170,diengiadung
309300,Green Healthy Organic,0.0,0,diengiadung
57800,Siêu Thị NaNo,4.0445,0,diengiadung
210393,3A Điểm Tựa Thành Công,4.0833,11,diengiadung
137884,Máy chế biến nông sản,0.0,0,diengiadung
173819,Cooky Kitchen,5.0,1,diengiadung
16641,KOALAROO,4.6,0,diengiadung
3132,HOÀ PHÚC,4.5073,100,diengiadung
8105,VIỆT SAO MAI ( GINSENG HOUSE ),4.7554,99,diengiadung
131238,Tổng Kho MB,4.1779,3649,diengiadung
92468,UniMart,4.5787,0,diengiadung
76796,Vietstore24h,4.2565,0,diengiadung
212852,Trung tâm điện máy Thành Đạt,4.0819,0,diengiadung
309377,Gunter Hauer,5.0,154,diengiadung
10327,GALI VIỆT NAM,5.0,0,diengiadung
305312,Shop gia dụng 247,0.0,0,diengiadung
9451,Gia dụng đức MAG,3.6176,0,diengiadung
185876,Argo Official Store,5.0,0,diengiadung
35144,Rạng Đông Official Store,4.5171,0,diengiadung
129537,Mi Hoàng Gia,4.7021,4242,diengiadung
3330,hoàng lan shop,3.891,0,diengiadung
137089,Thiết Bị Mới,3.9573,86,diengiadung
26446,Tin Học Hoàng Kim,4.2723,309,diengiadung
276496,Mitomo Việt Nam,4.6176,0,diengiadung
9385,EHOMEVN,0.0,0,diengiadung
37079,Thebeauty,4.4369,810,diengiadung
202738,Kalpen Official Store,4.2675,0,diengiadung
123029,Bách Hóa Online 24h,4.6681,0,diengiadung
32850,Điện Gia dụng USS,4.25,0,diengiadung
190667,Tổng Kho Bóng Đèn Phích Nước,0.0,0,diengiadung
83369,Kidsmomvietnam,5.0,2,diengiadung
2573,Siêu Thị Orkin,0.0,0,diengiadung
342846,KHO GIA DỤNG THÀNH NHÂN NGHĨA,5.0,3,diengiadung
341026,Gia Dụng Thiên Quang,0.0,0,diengiadung
138236,DỤNG CỤ CÀ PHÊ,4.8288,328,diengiadung
126333,ĐIỆN GIA DỤNG TƯỜNG PHÁT II,5.0,2,diengiadung
75129,Tiger Official Store,0.0,0,diengiadung
202074,Homecoffee Yêu chất cà phê,0.0,0,diengiadung
341640,MAI Outdoors,5.0,4,diengiadung
132026,Gia Dụng Henry,4.4013,1115,diengiadung
95422,Nespresso Official Store,4.3333,35,diengiadung
329102,Máy Pha Cà Phê Brewico,0.0,0,diengiadung
198145,CampOut Life is the better Official,4.8054,0,diengiadung
167715,Vnespresso,4.7568,0,diengiadung
16085,Zamboo Store,4.6,0,diengiadung
1821,Cửa hàng Kahchan,4.1724,16,diengiadung
118368,Đồ Gia Dụng 101,4.2,95,diengiadung
32914,Hương Việt Coffee,4.4444,0,diengiadung
313214,Bodum Vietnam Official Store,5.0,13,diengiadung
13571,CoffeeNew,4.4141,53,diengiadung
357820,Cafetto Vietnam Store,5.0,0,diengiadung
234289,Nox Coffee Store,4.7743,81,diengiadung
5613,Hải Âu Group,4.9767,0,diengiadung
38850,Điện Máy Hải Âu,4.6667,0,diengiadung
332016,Dr.Homie Official,3.6667,5,diengiadung
199805,GIA DỤNG LÀM VƯỜN HOÀNG PHÚ,4.5521,39,diengiadung
100773,Smart Trading,4.4076,1147,diengiadung
107790,Moon 92 Store,3.783,0,diengiadung
50450,NIKIO OFFICIAL STORE,4.4797,221,diengiadung
81563,ECO HOMES TECH,3.66667,3,diengiadung
5501,Vĩnh Khang,4.4681,310,diengiadung
54082,CST Telecom,3.9504,271,diengiadung
327403,KHO THIẾT BỊ VÀ DỤNG CỤ,4.2456,114,diengiadung
160175,MIREN OFFICIAL ,4.6514,124,diengiadung
150998,U ULTTY OFFICIAL STORE,4.6207,577,diengiadung
284240,TRANG TRÍ GIA DỤNG,4.6471,5,diengiadung
171195,Cty Cảnh Phong,4.8696,8,diengiadung
339628,SHIMONO OFFICIAL STORE,0.0,0,diengiadung
9711,ĐỒ DA THÀNH LONG TLG,3.5511,291,diengiadung
55591,miDoctor,4.542,3393,diengiadung
67505,Thiết Bị Ngành Lọc Nước,4.1053,0,diengiadung
74228,Thiết bị thí nghiệm,0.0,2,diengiadung
291999,Cửa hàng Biolab,0.0,0,diengiadung
356119,2nhktech,4.4773,1,diengiadung
173156,Thiết bị môi trường RM,4.5882,19,diengiadung
87813,Máy tạo khí ozone cường thịnh,4.6667,0,diengiadung
4309,Máy lọc không khí công nghệ NASA,4.75,4,diengiadung
8413,SMY (Tp.HCM),4.4965,873,diengiadung
37393,GipWin Official Store,4.0,0,diengiadung
70082,THẾ GIỚI XÂY DỰNG,4.3636,502,diengiadung
81456,Shop 24719,4.002,345,diengiadung
54352,Slightwind,0.0,0,diengiadung
140952,STANHOME OFFICIAL STORE,4.7373,227,diengiadung
1567,Robotek Viet Nam,4.5,4,diengiadung
227149,THANG UY GROUP,0.0,0,diengiadung
221345,CNTECH STORE,0.0,0,diengiadung
46128,beruasieuamgtsonic,4.2857,0,diengiadung
362718,ĐIỆN MÁY NHƯ THẢO,0.0,0,diengiadung
154892,HDC Home,4.5508,833,diengiadung
10889,MuaMuaOnline,4.3492,921,diengiadung
133753,Hy Hy Shop,4.3568,0,diengiadung
31740,HƯNG THỊNH SHOP,4.2369,0,diengiadung
857,MTD,4.7227,67,diengiadung
128476,StorageShop,4.7963,114,diengiadung
210042,Trúc Gia,4.597,0,diengiadung
109947,shop chất lượng vàng,4.58046,0,diengiadung
98442,Điện dân dụng gia dụng,0.0,0,diengiadung
20888,Minh House,4.2217,573,diengiadung
157669,Shopquyetnam,4.7489,583,diengiadung
55961,Điện Gia Dụng Tấn Phát Q7,4.2174,0,diengiadung
170621,maymaybrother,4.7083,0,diengiadung
153,DIYHOMEDEPOT (TP.HCM),4.595,0,diengiadung
149312,Brother Official Store,4.7323,2636,diengiadung
139842,Máy may bao,0.0,0,diengiadung
5393,Sprayway,4.4327,32,diengiadung
198998,Chouihandmade,4.8407,93,diengiadung
274258,Tranh thêu Su Su,4.9032,3,diengiadung
42132,Noithat Lams,4.6241,0,diengiadung
204765,Kin’s Shop Handmade Vải Nỉ,4.9474,6,diengiadung
551,Trung Tâm Công Cụ,4.5362,395,diengiadung
183964,Đèn Năng Lượng Jindian,4.2143,17,diengiadung
51551,Led Hoàng Gia,4.2075,0,diengiadung
80256,Binh Phu Lighting Electric,4.9583,37,diengiadung
121623,gianhangnhapkhau,4.5,0,diengiadung
4860,BONECO Official Store,4.6441,820,diengiadung
902,Thiết Bị Dụng Cụ,4.4895,291,diengiadung
15230,SanKyo Official Store,4.75,222,diengiadung
345994,THIẾT BỊ XÂY DỰNG VÀ GIA ĐÌNH,4.4808,19,diengiadung
68382,Hatari Thái Lan,5.0,0,diengiadung
229550,ĐiệnTânThịnh,4.6304,0,diengiadung
12553,LiOA Official Store,4.271,130,diengiadung
188506,HD Kim Sơn,4.4775,0,diengiadung
211062,Tăm nước Sài Gòn,4.7088,0,diengiadung
12581,Empire Offical Store,4.5,2,diengiadung
216807,Chào Bán,5.0,3,diengiadung
218162,TESLA VN STORE,4.6667,0,diengiadung
311747,QUẠT CN VĨNH PHÁT,0.0,0,diengiadung
298246,CHIẾU SÁNG SUPERVILIGHTING,4.25,1,diengiadung
110695,AZ PRICE FURNITURE,4.4528,0,diengiadung
284544,ĐÈN TRANG TRÍ HÀ HIỆP,3.7905,33,diengiadung
190279,Quạt Trần Hồ Gia Phát,0.0,0,diengiadung
118722,Pillxo Shop,0.0,0,diengiadung
15735,Đại Phúc JSC,5.0,0,diengiadung
59101,đèn bếp việt thuận,3.1111,0,diengiadung
1691,Đại Nam Sport,4.2113,737,diengiadung
192216,Nội Thất Decor Hiện Đại,4.2439,39,diengiadung
4321,Gia Dụng EUS Việt Nam,4.4375,26,diengiadung
136422,Duc Thuan Shop,4.6415,0,diengiadung
188715,Trường Hải Thuận Phong,4.5217,14,diengiadung
3196,Legaxi Official,4.4519,727,diengiadung
14813,ugreenonline,4.665,673,diengiadung
277179,Venie,4.6146,87,diengiadung
81570,HoangHai store,4.6507,576,diengiadung
141107,GuCase,4.0712,1249,diengiadung
1710,hotphukien,4.3462,2094,diengiadung
50766,Thế giới sản phẩm,4.2437,482,diengiadung
184829,Bim Mart,4.5614,374,diengiadung
236620,ROCKSPACE OFFICIAL STORE,4.6915,649,diengiadung
157420,kosmen-official,0.0,16,diengiadung
1308,Tazano Official Store,4.6965,2144,diengiadung
357842,JYE Store,5.0,1,diengiadung
61094,Thiết Bị Điện HD,3.7143,0,diengiadung
291828,Shop Dũng An,4.52,30,diengiadung
311940,VORTEX POWERFANS,0.0,0,diengiadung
257640,ELCO JSC,0.0,0,diengiadung
21395,Tabvietnam,0.0,0,diengiadung
179525,Tâm Hiền Phát,4.8099,380,diengiadung
35488,Aquaria,4.5817,0,diengiadung
178422,ATZstore,4.4477,606,diengiadung
125741,Rhino Official Store,4.6357,744,diengiadung
113115,Deli Official Store,4.7702,36853,diengiadung
69935,Calibra,3.9634,0,diengiadung
348452,CÔNG TY TNHH HIMAX VIỆT NAM,5.0,0,diengiadung
109746,VinBuy,4.555,9022,diengiadung
80980,Hanah Store,4.29816,0,diengiadung
30787,AN PHAT COMPUTER,4.3798,716,diengiadung
76621,Mifan Official Store,4.4506,737,diengiadung
13705,KARCHER VIETNAM,4.7024,2100,diengiadung
1764,SUMIKA Official Store,4.6165,3065,diengiadung
173312,ViKo Mart,4.7266,0,diengiadung
333932,Lydsto Official Store,0.0,0,diengiadung
17059,Xiaomiworld.vn,4.55556,0,diengiadung
312964,PHILIPS MASSAGER,4.6438,227,diengiadung
304881,MÁY LỌC KHÔNG KHÍ AIRDOG,4.7576,153,diengiadung
40792,Benyu tools Việt Nam,4.0,26,diengiadung
8738,Máy Vệ Sinh NUMATIC,0.0,0,diengiadung
353625,LYSIN TINH TUYỂN,5.0,3,diengiadung
193366,HOMES STORE,4.6647,0,diengiadung
69345,EzLife Store,4.5163,0,diengiadung
78255,onubizvietnam,5.0,3,diengiadung
290542,CÔNG TY TNHH TMĐT KIM LONG,4.7963,16,diengiadung
3644,Hoành Gia store,4.5538,832,diengiadung
236667,Việt Chất Store,4.5122,708,diengiadung
281420,ENCHEN Official Store,4.6267,211,diengiadung
202904,Kyocera Store,4.75,31,diengiadung
51362,rẻ đẹp chất,3.4862,43,diengiadung
326402,XIAO HOME,4.0,0,diengiadung
94284,LED Solar 2019,5.0,0,diengiadung
86709,PHAN GIA BBK,3.9601,315,diengiadung
344278,INGCO Super Select,0.0,0,diengiadung
286709,Kynko Điện máy cầm tay,4.4286,0,diengiadung
150382,OMP Alliance,0.0,1,diengiadung
7843,Ngô Thành Lợi,0.0,0,diengiadung
11574,shop đẹp mãi,4.2165,451,diengiadung
141931,Thế giới thiết bị số,0.0,3,diengiadung
977,Viễn Thông L.L.P,0.0,0,diengiadung
118036,vietrobotics,0.0,0,diengiadung
168344,GonnixSmart,4.75,0,diengiadung
141320,SOMILIFE,0.0,0,diengiadung
77142,ANKER STORE,4.7614,0,diengiadung
172447,Sugi Shop,0.0,1,diengiadung
71226,Việt Thiên Phú Store,0.0,1,diengiadung
279168,Nano Geyser Shop Online,4.6893,228,diengiadung
165106,Mizuchan,0.0,0,diengiadung
2091,Hexagon,4.644,2853,diengiadung
245872,Electeka Official Store,0.0,0,diengiadung
235596,HOÀNG QUỐC CƯỜNG,5.0,29,diengiadung
226418,TK AIR SANITIZER,0.0,0,diengiadung
230649,Máy lọc không khí YOKO,0.0,0,diengiadung
64798,BOHMANN VIỆT NAM,4.5759,417,diengiadung
150486,SRC Store,4.5517,0,diengiadung
127896,Điện Lạnh Nam Việt,4.3125,0,diengiadung
284461,ESS Life,0.0,0,diengiadung
192411,Bách Khải An Store,0.0,0,diengiadung
119740,Máy làm mát không khí YUKIONE,0.0,0,diengiadung
96806,AIRCARE,0.0,0,diengiadung
2013,ĐIỆN LẠNH TÂM ĐỨC,5.0,12,diengiadung
37436,BNP Official Store,4.5714,9,diengiadung
357810,Pier Pharma,5.0,0,diengiadung
345198,Ras Home Điện Máy Online,0.0,0,diengiadung
128554,Max Air Official,0.0,32,diengiadung
21883,ARIZE,4.4,38,diengiadung
111982,Mianmi,0.0,0,diengiadung
18264,iCare Style Vietnam,1.0,0,diengiadung
192099,Coway Vina Official Store,4.8745,4590,diengiadung
8703,Probuy,0.0,0,diengiadung
284399,DAIKIN PROSHOP HTS,0.0,1,diengiadung
235437,Máy Lọc Không Khí AERIS,0.0,0,diengiadung
226709,CSC Sell,0.0,0,diengiadung
192199,Cửa hàng thiết bị gia dụng,5.0,0,diengiadung
181390,Ancumart,5.0,0,diengiadung
146472,SMITH CLUB,0.0,0,diengiadung
8272,SHOP Y KHOA,4.653,2367,diengiadung
356759,TECHIQ FRESH AIR,0.0,1,diengiadung
330061,Meliwa Store,0.0,0,diengiadung
19741,HoMedics Official Store,4.5173,253,diengiadung
163787,Linkedbyme,4.7179,21,diengiadung
150018,RECOMM,0.0,0,diengiadung
70203,khongkhixanh,0.0,0,diengiadung
143174,AQuality Store,0.0,0,diengiadung
73253,Điện máy Lê Minh,4.66667,0,diengiadung
149795,New Day Viva,4.85714,1,diengiadung
363224,Hữu Phát Tech,0.0,0,diengiadung
97431,PHỤ KIỆN TOÀN THẮNG,4.4667,9,diengiadung
184620,DTC Mart,4.1653,28,diengiadung
5321,Kobi official store,4.7206,0,diengiadung
27843,JOHA SHOP,4.2895,0,diengiadung
133020,Thiết bị y tế Gia Đình HME,4.6897,3141,diengiadung
85774,SCENT HOMES VIỆT NAM,5.0,13,diengiadung
177403,NORIFAMILY PLAZA,4.1085,0,diengiadung
26972,LiinnStore,4.0,9,diengiadung
17990,Điện Máy Minh An,4.8571,1,diengiadung
224,DOROSIN OFFICIAL,4.6044,616,diengiadung
55218,FORSETI VIỆT NAM,4.6604,311,diengiadung
270160,Điện máy HAPA,4.9841,244,diengiadung
121449,Karofi official,4.428,1256,diengiadung
291872,Philips Water Việt Nam,4.7059,0,diengiadung
287982,Mutosi Gian hàng chính hãng,4.867,369,diengiadung
14202,GEYSERECOTAR,4.25,0,diengiadung
53098,Kim Long Phát Store,4.28,0,diengiadung
51552,AirSmartHome,0.0,0,diengiadung
21413,Carpa Beauty & Health,0.0,0,diengiadung
179104,CỬA HÀNG ĐỨC PHÚ,4.4476,16,diengiadung
2668,Công ty TNHH ứng dụng khoa học Việt Mỹ,3.9091,0,diengiadung
63145,Enterbuy,4.0833,0,diengiadung
140203,Nước sạch là cuộc sống,0.0,1,diengiadung
1568,AQUAFILTER -Máy lọc nước nhập khẩu Châu Âu,3.3571,5,diengiadung
80061,ĐIỆN MÁY HỒNG ÂN,0.0,2,diengiadung
81005,HỆ THỐNG MÁY LỌC NƯỚC RO KENSI,0.0,0,diengiadung
182694,Điện máy Vuagroup,0.0,0,diengiadung
92056,GMC VINA,0.0,0,diengiadung
402,ALT,4.9231,6,diengiadung
78791,FAMY,0.0,1,diengiadung
235781,Máy lọc nước ion kiềm,0.0,0,diengiadung
80923,Hoa Đăng Điện Máy,0.0,0,diengiadung
23282,MÁY LỌC NƯỚC PCBlife,0.0,0,diengiadung
1135,AO Smith,0.0,0,diengiadung
298394,ACE Môi Trường,3.0,0,diengiadung
313873,ELKAY OFFICIAL STORE,0.0,0,diengiadung
34542,Thiết bị lọc nước nhập khẩu,4.0,0,diengiadung
156648,MÁY LỌC NƯỚC TATSU HYDROGEN,0.0,0,diengiadung
125861,Liwell Shop,0.0,0,diengiadung
187579,MITSUBISHI CHEMICAL CLEANSUI,4.8553,0,diengiadung
4408,VASSTAR OFFICIAL STORE,4.82,23,diengiadung
97351,Máy Lọc Nước JP,0.0,0,diengiadung
2083,Callme Official,4.6857,1486,diengiadung
345424,Rotek IWP Viet Nam,0.0,0,diengiadung
204653,MÁY LỌC NƯỚC RO MOSHI,0.0,0,diengiadung
112175,Alkaviva Việt Nam,5.0,0,diengiadung
39427,OPhi,0.0,0,diengiadung
63862,Máy lọc nước Pure Thái Lan,4.7105,0,diengiadung
73100,Nazaro,4.0,0,diengiadung
92093,MÁ́Y LỌC NƯỚC AQUAROOM,0.0,0,diengiadung
138517,Thiết bị lọc tổng,0.0,2,diengiadung
164531,KEEV,0.0,0,diengiadung
154248,dinhphong123,0.0,0,diengiadung
154334,Hutek,0.0,0,diengiadung
227350,Sống Lành Store,0.0,0,diengiadung
14108,Nam Khánh,0.0,0,diengiadung
3713,Clean Water Solutions,1.0,0,diengiadung
215118,Aquaphor Store,0.0,0,diengiadung
8412,YAMATO (Tp. HCM),5.0,0,diengiadung
332818,Thanh An Water,0.0,0,diengiadung
171692,Giải pháp kinh tế tuần hoàn,0.0,0,diengiadung
111884,Thiết bị lọc nước Silica Welvina,0.0,0,diengiadung
59698,Inox 304 BENBIK VN,0.0,0,diengiadung
3111,SEN VÒI EUROLIFE,4.2954,270,diengiadung
119072,PURY VIỆT NAM,4.7234,0,diengiadung
208815,CỬA HÀNG LÊ GIA PHÁT,4.6581,0,diengiadung
110726,Shop Mẹ Và Bé UnMei,4.8115,2790,diengiadung
274691,NPP TÂM SÁNG,0.0,0,diengiadung
27935,VSON Store,4.6691,146,diengiadung
316142,WECARE HOME,4.6,0,diengiadung
19365,Thiết Bị Gia Đình Trần Hùng,4.4155,0,diengiadung
1545,Máy Bơm Mini,4.189,94,diengiadung
105184,Eco Tech,4.4462,137,diengiadung
79827,MUTOSI GROUP,0.0,0,diengiadung
311196,DrEfil Official Store,0.0,0,diengiadung
126349,TLG GOLD,3.8527,398,diengiadung
162846,AquaHandy2020,4.9048,0,diengiadung
47666,Điện máy Datkeys,4.1667,3,diengiadung
63630,SaigonDepot,4.7692,11,diengiadung
52532,YMINH,5.0,0,diengiadung
65978,Song Anh Shop,4.5,0,diengiadung
324725,TLC LIGHTING STORE,0.0,0,diengiadung
49224,DỤNG CỤ Y KHOA BÁ KHANG,4.607,69,diengiadung
168491,Yeelight Official Store,4.6202,664,diengiadung
305219,Braum,0.0,0,diengiadung
110704,Kemei Official Store,4.5568,1105,diengiadung
51044,Babi Plaza,3.6415,4,diengiadung
188636,ACK SPORT,3.0573,0,diengiadung
82028,phulocint,4.6061,52,diengiadung
102910,Tông đơ Túi xách,0.0,0,diengiadung
217076,Rubi Home,3.6975,0,diengiadung
273268,đồ gia dụng 8888,3.7419,5,diengiadung
156545,GROOMING STORE,4.8125,0,diengiadung
195627,Shopvy247,0.0,0,diengiadung
255369,DecoHome,0.0,43,diengiadung
121200,PVShop,4.5735,68,diengiadung
291512,Phố Xinh Store,3.9338,97,diengiadung
53444,Mỹ phẩm Trường An,4.286,0,diengiadung
304755,điện tử nguyên vịnh,4.6,0,diengiadung
8957,minh tho petshop,4.5518,342,diengiadung
87626,Namquynhshop,4.4978,0,diengiadung
214630,COOCAA Official Store,4.6178,3879,diengiadung
22096,TÚI XÁCH NOHA,0.0,0,diengiadung
107444,Thế Giới Pin Sinh Thái,4.7223,931,diengiadung
55404,KJ MART,4.466,1142,diengiadung
284735,Philips Chăm Sóc Cá Nhân VN,4.7425,610,diengiadung
266997,FLYCO OFFICIAL STORE,5.0,6,diengiadung
278159,JETZT,4.6098,2307,diengiadung
341749,Laifen,4.5,8,diengiadung
278160,DELIYA Official Store,4.8982,0,diengiadung
212624,HITECH ELECTRIC,4.8615,203,diengiadung
936,Bach Hoa Online,4.0,18,diengiadung
483,Beauty Plaza,4.3676,0,diengiadung
175385,Healthy Air,4.2857,255,diengiadung
83956,Gia Dụng Cao Cấp,4.5238,107,diengiadung
8526,AZO MART,4.7099,767,diengiadung
12969,Thế giới đồ gia đình cao cấp,4.0,0,diengiadung
302261,JuneNice,0.0,0,diengiadung
26754,Bông Hoa Đỏ,4.7368,0,diengiadung
143736,Besti,4.6433,0,diengiadung
355308,ELECOM OFFICIAL SHOP,0.0,0,diengiadung
331681,KOREMI OFFICIAL STORE,0.0,1,diengiadung
1673,Yuzuha Shop,0.0,0,diengiadung
184676,SHOP TRÂM NGỌC,0.0,0,diengiadung
286875,YOLO SHOPP,4.0847,17,diengiadung
320802,Thế giới đồ chơi 99,3.6111,26,diengiadung
311728,Shop phụ kiện Hà Nội,0.0,0,diengiadung
92405,DStoreVietNam,5.0,7,diengiadung
108287,Kemnghiaminhtam,3.9831,67,diengiadung
29952,Hồng Hạnh Mobile,4.7313,15241,dienthoai_maytinhbang
235971,vivo Official Store,4.5778,459,dienthoai_maytinhbang
289120,CLICKBUY HCM,0.0,2,dienthoai_maytinhbang
179232,THẮNG THAO MOBILE,4.5709,0,dienthoai_maytinhbang
297110,O-TECH SHOP,0.0,70,dienthoai_maytinhbang
106499,Shop Máy Đọc Sách Hà Nội,4.7652,527,dienthoai_maytinhbang
332042,GOTECHSOFT CO LTD,0.0,0,dienthoai_maytinhbang
38963,Techmorevn,4.7395,717,dienthoai_maytinhbang
113592,Viễn thông Hà Nhung,4.9082,118,dienthoai_maytinhbang
141524,Giải Pháp An Ninh Toàn Cầu,4.0,0,dienthoai_maytinhbang
264777,HSG Distribution,0.0,0,dienthoai_maytinhbang
915,Nova Computer,4.5582,604,dienthoai_maytinhbang
15461,phucantech,4.8333,10,dienthoai_maytinhbang
61683,Công Nghệ NICEVISOFT,4.85714,2,dienthoai_maytinhbang
73305,Công Nghệ và Truyền Thông Zlink,5.0,0,dienthoai_maytinhbang
106837,Thanhxuan computer,5.0,0,dienthoai_maytinhbang
293572,Aqua Official Store,4.2727,1802,dientu_dienlanh
300117,Toshiba TV Certified Store,4.3077,314,dientu_dienlanh
7361,Philips TV Official Store,4.4302,23,dientu_dienlanh
358124,Hisense Official Store,0.0,8,dientu_dienlanh
330505,K-Elec Official Store,0.0,0,dientu_dienlanh
251870,Điện Tử Điện Lạnh Bình Minh,4.0,20,dientu_dienlanh
335719,Home and Lifestyle,0.0,0,dientu_dienlanh
179664,CTY Điện Lạnh MN GBO,4.6667,33,dientu_dienlanh
17363,LÂM TÙNG,0.0,0,dientu_dienlanh
91997,Antoanchobe,4.4514,163,dientu_dienlanh
20433,Agol Store,3.8267,0,dientu_dienlanh
282718,Michelin Car Service Bình Tân,5.0,10,dientu_dienlanh
178775,Thiết Bị Công Nghệ Miền Trung,4.6197,0,dientu_dienlanh
298886,CAMERA PHƯƠNG ĐÔNG Store,4.5563,961,dientu_dienlanh
17013,Hi-Tech Solution,4.1711,79,dientu_dienlanh
33260,Tuệ Minh Shop,4.3004,214,dientu_dienlanh
53271,Seenew Hitech,3.64,0,dientu_dienlanh
274878,Đèn led thông minh LamaN Lighting,5.0,12,dientu_dienlanh
168514,VNPT Technology Store,4.4595,899,dientu_dienlanh
223340,Điện Tử Minh Nhật,3.9167,126,dientu_dienlanh
16801,PhuKienDienTu VN,4.4884,24,dientu_dienlanh
36422,AOA,4.4242,0,dientu_dienlanh
338,Nhà Giả Kim,4.512,890,dientu_dienlanh
8713,Giá Treo Màn Hình Nhập Khẩu,4.7975,0,dientu_dienlanh
179774,DTH Miền Nam,4.7843,14,dientu_dienlanh
59640,Extreme Zero Online,4.57,583,dientu_dienlanh
273412,Hoàng Khuê Shop,4.8,0,dientu_dienlanh
19766,ZAMACO AUDIO,5.0,5,dientu_dienlanh
68477,Hiếu Thảo,0.0,144,dientu_dienlanh
206496,Giá Treo Đa Năng TTP,4.7778,0,dientu_dienlanh
299947,O Trading,0.0,0,dientu_dienlanh
271432,WINTERHALTER Official Store,5.0,26,dientu_dienlanh
300062,CLASSEQ Official Store,0.0,3,dientu_dienlanh
92284,Chuyên bếp Hoàng Hải,3.7143,0,dientu_dienlanh
52942,KoolMan Airconditioner Malaysia,3.3,4,dientu_dienlanh
355775,Máy Lạnh Giá Kho,0.0,0,dientu_dienlanh
185948,Daikin Official Store,5.0,159,dientu_dienlanh
87107,ĐIỆN LẠNH ZERO,0.0,0,dientu_dienlanh
295359,ĐIỆN MÁY NGUYỄN LINH,4.8203,341,dientu_dienlanh
340823,CỬA HÀNG MÁY LẠNH KIẾN TRÚC VIỆT,0.0,4,dientu_dienlanh
265496,Reetech Official Store,0.0,6,dientu_dienlanh
279936,Điện Máy Hà Dũng,0.0,0,dientu_dienlanh
88603,Điện Lạnh Sapho,0.0,0,dientu_dienlanh
157768,Điều hòa Minh Phương,0.0,0,dientu_dienlanh
9019,Cửa hàng Điện Máy Nam Tiến Phát,0.0,0,dientu_dienlanh
108724,Trần Long Phát,4.6422,61,dientu_dienlanh
362657,Nội Thất và Gia Dụng Huy Ngọc,4.6,0,dientu_dienlanh
32738,Máy nước nóng OTTOWA,5.0,1,dientu_dienlanh
309283,CLAGE OFFICIAL STORE,0.0,0,dientu_dienlanh
252236,Hoa Nắng chuyên ngành nước nóng,0.0,0,dientu_dienlanh
128891,Điện máy TK,3.75,7,dientu_dienlanh
300534,Alpicool Sai Gon Official,5.0,0,dientu_dienlanh
196090,Kemin Official Store,4.6186,366,dientu_dienlanh
74110,Thiết Bị COSMIC,0.0,0,dientu_dienlanh
202284,Wine Kings,2.5,2,dientu_dienlanh
310977,Tmax Electronics,0.0,0,dientu_dienlanh
274962,LYNU STORE,4.232,64,dientu_dienlanh
34534,Chợ Tốt Auto,4.3846,4,dientu_dienlanh
56243,SOTAGO,4.4454,0,dientu_dienlanh
167037,Hamart Gia Dụng Tiện Lợi,4.5018,605,dientu_dienlanh
354946,Điện lạnh Giáp Phong,0.0,0,dientu_dienlanh
326969,Intech EA,0.0,0,dientu_dienlanh
177515,kosuytu,4.095,513,dientu_dienlanh
264288,Trà Đá,4.1547,481,dientu_dienlanh
90355,Bilaha Store,4.5342,222,dientu_dienlanh
70252,ECOCLEAN VIETNAM,4.4659,356,dientu_dienlanh
2666,Big Store,4.343,268,dientu_dienlanh
248883,DoDoDios Official Store,4.5726,3140,dientu_dienlanh
273117,Hadu Home,4.1783,251,dientu_dienlanh
238102,HAPPY KIDS Shop đồ chơi cho bé,4.3912,402,dientu_dienlanh
330936,Hộp Đựng Quần Áo Chia Ngăn,4.7143,12,dientu_dienlanh
149162,Mora,4.3935,40,dientu_dienlanh
254550,Shop Áo Trùm Vỏ Bọc Máy Giặt,4.5601,263,dientu_dienlanh
37078,KIBATH Light solution for life,4.6294,41,dientu_dienlanh
235248,lê chi 21062021,4.4118,0,dientu_dienlanh
182299,Vật tư điện lạnh NTD,4.1728,79,dientu_dienlanh
363156,ANH TUẤN 2024,5.0,0,dientu_dienlanh
358873,ASIAGREEN,0.0,0,dientu_dienlanh
75898,Kệ Văn Phòng HTD,4.4627,24,dientu_dienlanh
250867,shop thao long,4.08,6,dientu_dienlanh
304908,TRÀ MY SHOP 2020,4.082,23,dientu_dienlanh
240846,HoangTrung Shop,3.8992,99,dientu_dienlanh
274292,HT2 SHOP,4.1015,32,dientu_dienlanh
357399,Tổng kho khí nén Hồng Quang,0.0,0,dientu_dienlanh
6351,Siêu Thị Linh Kiện,4.3718,752,dientu_dienlanh
187449,Vattuthonggio,3.9231,5,dientu_dienlanh
82323,Ổn Áp Lê Du,4.1481,35,dientu_dienlanh
221753,VNR Tech,0.0,0,dientu_dienlanh
120897,Thiết Bị Dụng Cụ Sửa Chữa Ô tô,0.0,1,dientu_dienlanh
362830,HA MY SHOP 06,4.5,0,dientu_dienlanh
12854,ThuanThienTs,4.7204,197,laptop_mayvitinh_linhkien
125381,Máy in A0,4.7723,90,laptop_mayvitinh_linhkien
1377,Vi Tính Bảo An,4.6959,175,laptop_mayvitinh_linhkien
1828,Mac&More,0.0,1,laptop_mayvitinh_linhkien
258500,Laptop Việt Mỹ,0.0,0,laptop_mayvitinh_linhkien
15937,VINSEC,4.7342,126,laptop_mayvitinh_linhkien
3103,Vi Tính Chí Cường,4.6868,764,laptop_mayvitinh_linhkien
3001,NAKIO,3.7857,8,laptop_mayvitinh_linhkien
308336,LIBTECH PC,0.0,10,laptop_mayvitinh_linhkien
299255,ViewSonic Official Store,5.0,52,laptop_mayvitinh_linhkien
131501,Thiết bị tự động Hưng Gia,4.625,10,laptop_mayvitinh_linhkien
12395,Vi Tính Lê Huy,4.6541,2262,laptop_mayvitinh_linhkien
302242,Bách Khoa 4,0.0,0,laptop_mayvitinh_linhkien
56716,TPPOS,3.1,0,laptop_mayvitinh_linhkien
179988,xigmatekhanoi,0.0,0,laptop_mayvitinh_linhkien
19858,Thiết bị văn phòng CDC,3.0,4,laptop_mayvitinh_linhkien
46727,Công Nghệ Phúc Ngọc,0.0,2,laptop_mayvitinh_linhkien
139021,VD Store HCM,0.0,0,laptop_mayvitinh_linhkien
335727,Máy Tính Minh Tú,4.3333,2,laptop_mayvitinh_linhkien
143149,Long Ho ICT,0.0,1,laptop_mayvitinh_linhkien
2859,Bataca,4.5844,0,laptop_mayvitinh_linhkien
1887,hongphathcm,4.9048,0,laptop_mayvitinh_linhkien
63625,Máy Văn Phòng Đại Linh,0.0,3,laptop_mayvitinh_linhkien
8371,LONG GIA COMPUTER,4.1148,24,laptop_mayvitinh_linhkien
7825,POSTECH,0.0,0,laptop_mayvitinh_linhkien
97904,NGE 3D Printer,5.0,5,laptop_mayvitinh_linhkien
133440,Danh Shop,4.6238,56,laptop_mayvitinh_linhkien
187885,KN Smart,4.8673,0,laptop_mayvitinh_linhkien
70594,Mực In Máy In MI,0.0,0,laptop_mayvitinh_linhkien
2671,Công ty thiết bị máy văn phòng Hà Anh,4.5381,78,laptop_mayvitinh_linhkien
218510,thietbimavach,4.0,5,laptop_mayvitinh_linhkien
14053,LE TRAN GIA,4.1111,0,laptop_mayvitinh_linhkien
40493,Thiết Bị Mã Vạch ALOPOS VN,3.75,0,laptop_mayvitinh_linhkien
47812,Máy in thẻ nhựa Evolis,0.0,0,laptop_mayvitinh_linhkien
58886,KhoMayInTheNhua,4.2,7,laptop_mayvitinh_linhkien
33316,Techoffice Việt Nam,3.5,9,laptop_mayvitinh_linhkien
49448,Phúc Cơ,5.0,16,laptop_mayvitinh_linhkien
44159,Thiết bị bán lẻ,4.8545,19,laptop_mayvitinh_linhkien
8595,KhueTu_Corp,4.8,2,laptop_mayvitinh_linhkien
328898,DtekTech,0.0,2,laptop_mayvitinh_linhkien
79199,NSP,5.0,0,laptop_mayvitinh_linhkien
156960,Máy in đầu cốt và phụ kiện,0.0,3,laptop_mayvitinh_linhkien
12378,Runi Store,3.8571,0,laptop_mayvitinh_linhkien
153486,mavachchico,4.68,32,laptop_mayvitinh_linhkien
125076,Máy in đầu cốt - Phụ kiện,5.0,2,laptop_mayvitinh_linhkien
54309,Việt Pos,4.40909,0,laptop_mayvitinh_linhkien
3476,BigBuy,4.3432,34,laptop_mayvitinh_linhkien
129807,barcodestore,0.0,0,laptop_mayvitinh_linhkien
14154,nguyenphanshop,5.0,0,laptop_mayvitinh_linhkien
176473,ATECHWORLD LTD,4.0954,81,laptop_mayvitinh_linhkien
190800,Thiết bị mã vạch HỒNG KIM PHÁT,5.0,0,laptop_mayvitinh_linhkien
227894,Thiết Bị Fesst,0.0,0,laptop_mayvitinh_linhkien
104393,OLYMPIC STORE,3.5398,27,laptop_mayvitinh_linhkien
136413,phuocphatpos,4.8,3,laptop_mayvitinh_linhkien
58873,Thiết bị văn phòng máy TC,0.0,0,laptop_mayvitinh_linhkien
183951,Shop Thành Long Mực in,4.6826,59,laptop_mayvitinh_linhkien
43974,Mực in AZ,4.591,154,laptop_mayvitinh_linhkien
351495,AzSoft,0.0,0,laptop_mayvitinh_linhkien
159438,VINAAI,4.8,4,laptop_mayvitinh_linhkien
233891,RFID LA GI,4.7451,30,laptop_mayvitinh_linhkien
119621,TungLam,0.0,0,laptop_mayvitinh_linhkien
10706,TRITHUCSOFT,4.5652,8,laptop_mayvitinh_linhkien
1450,WIN,0.0,0,laptop_mayvitinh_linhkien
198350,Linh Kiện Rotech,4.7,0,laptop_mayvitinh_linhkien
193637,Thiết Bị Giáo Dục Quang Anh,0.0,3,laptop_mayvitinh_linhkien
82256,Thế Giới CAD,0.0,2,laptop_mayvitinh_linhkien
146845,G market,4.7278,72,laptop_mayvitinh_linhkien
16972,TIN HỌC THÀNH NHÂN,4.3453,275,laptop_mayvitinh_linhkien
60816,shoppro2005,0.0,1,laptop_mayvitinh_linhkien
321409,Bảo mật shop,0.0,2,laptop_mayvitinh_linhkien
54569,SUNO TECH CORP,0.0,0,laptop_mayvitinh_linhkien
299569,MỰC IN ALPHA OFFICE,4.7745,0,laptop_mayvitinh_linhkien
364586,COPY CAT,0.0,0,laptop_mayvitinh_linhkien
267338,Máy Photocopy Hoàng Nguyên,4.2202,0,laptop_mayvitinh_linhkien
65686,Mực in máy in Nhật Hưng,4.6245,665,laptop_mayvitinh_linhkien
2430,Mực in Thuận Phong,4.534,0,laptop_mayvitinh_linhkien
53582,FINTEC,0.0,0,laptop_mayvitinh_linhkien
347619,CÔNG TY TNHH DV TBVP TẤN PHÁT,5.0,0,laptop_mayvitinh_linhkien
287323,SILICOM STORE,4.9,0,laptop_mayvitinh_linhkien
47656,Mực in Viet Toner,4.5678,24,laptop_mayvitinh_linhkien
140258,vpp chợ lớn,4.703,857,laptop_mayvitinh_linhkien
184069,Shop Luxubu,4.5755,0,laptop_mayvitinh_linhkien
273254,LINH KIỆN MÁY IN TRỌNG VINH,4.6339,33,laptop_mayvitinh_linhkien
53535,Clickshop2019,0.0,0,laptop_mayvitinh_linhkien
363300,Mực In NC 2,0.0,0,laptop_mayvitinh_linhkien
46362,HungThinh864,4.7302,0,laptop_mayvitinh_linhkien
50815,Mực in Trang Phước Tài,0.0,1,laptop_mayvitinh_linhkien
15647,Annamstore,4.3113,0,laptop_mayvitinh_linhkien
1817,Hợp Thành Thịnh,4.4885,22,laptop_mayvitinh_linhkien
217341,mucingiare,5.0,3,laptop_mayvitinh_linhkien
46401,Mực in Minh Tiến,5.0,0,laptop_mayvitinh_linhkien
155329,Mực in Anh Em,0.0,4,laptop_mayvitinh_linhkien
221054,Mực In và Linh Kiện TNC,0.0,0,laptop_mayvitinh_linhkien
135993,IT Digital,4.5,2,laptop_mayvitinh_linhkien
80295,Shop HG,4.0287,423,laptop_mayvitinh_linhkien
73779,Czur Việt Nam ,4.0,7,laptop_mayvitinh_linhkien
269675,Nhãn In Trần Nguyễn,4.875,10,laptop_mayvitinh_linhkien
342578,Trần Nguyễn Technology,0.0,0,laptop_mayvitinh_linhkien
289424,Atlantic Technology and Solutions,0.0,0,laptop_mayvitinh_linhkien
143812,kimtuthapphongthuy,3.9615,7,laptop_mayvitinh_linhkien
183682,Kim Thanh Garden,5.0,0,laptop_mayvitinh_linhkien
100488,Nguyên Xương Thịnh,4.7905,0,laptop_mayvitinh_linhkien
76905,Giấy In Bill,4.6,44,laptop_mayvitinh_linhkien
320848,Yaber Official Store,5.0,15,laptop_mayvitinh_linhkien
175774,XGIMI Authorized,0.0,0,laptop_mayvitinh_linhkien
20793,Đức Pháp Technology,0.0,0,laptop_mayvitinh_linhkien
329762,Màn Chiếu Elite Screens,0.0,11,laptop_mayvitinh_linhkien
16975,Titeck,4.4022,0,laptop_mayvitinh_linhkien
136812,AKAS,0.0,0,laptop_mayvitinh_linhkien
10336,Thiết bị máy văn phòng,4.4737,0,laptop_mayvitinh_linhkien
43766,OPTORI,4.4118,34,laptop_mayvitinh_linhkien
59492,PMCSTECH,0.0,2,laptop_mayvitinh_linhkien
342513,OPTICON Official Store,0.0,0,laptop_mayvitinh_linhkien
218730,NhatMinh Store,0.0,0,laptop_mayvitinh_linhkien
14389,Công nghệ Bách anh,5.0,0,laptop_mayvitinh_linhkien
70430,AZPRINT,0.0,0,laptop_mayvitinh_linhkien
18547,Siêu Thị Mã Số Mã Vạch,0.0,0,laptop_mayvitinh_linhkien
72077,thiết bị bán hàng Minh Quân,0.0,0,laptop_mayvitinh_linhkien
291157,THIẾT BỊ POS TÍNH TIỀN,0.0,2,laptop_mayvitinh_linhkien
37028,VinShop68com,4.0,13,laptop_mayvitinh_linhkien
54539,Chidinh vn,3.64286,4,laptop_mayvitinh_linhkien
185019,Máy và thiết bị văn phòng,0.0,0,laptop_mayvitinh_linhkien
76134,Lavy Store,0.0,0,laptop_mayvitinh_linhkien
277143,Onetechhcm,0.0,0,laptop_mayvitinh_linhkien
42581,TECHPRO,0.0,8,laptop_mayvitinh_linhkien
63028,Máy chấm công Wise Eye,0.0,0,laptop_mayvitinh_linhkien
19753,MSOFTVN,4.6015,0,laptop_mayvitinh_linhkien
4377,Nhất Phát Phát,2.25,3,laptop_mayvitinh_linhkien
62980,Công Nghệ Minh Anh,0.0,0,laptop_mayvitinh_linhkien
120855,DigitechAzza,5.0,0,laptop_mayvitinh_linhkien
16016,Việt Nhật,3.5,2,laptop_mayvitinh_linhkien
22992,thiết bị văn phòng an chi,4.5691,116,laptop_mayvitinh_linhkien
14820,Dienmaylehuy,0.0,0,laptop_mayvitinh_linhkien
171944,ITSHOP247,4.443,25,laptop_mayvitinh_linhkien
133062,congnghevn247,4.4659,0,laptop_mayvitinh_linhkien
106238,CDGVN,4.06062,0,laptop_mayvitinh_linhkien
13377,Công ty TNHH thiết bị và công nghệ số Global,0.0,0,laptop_mayvitinh_linhkien
208480,CÔNG NGHỆ ĐỖ QUYÊN,0.0,0,laptop_mayvitinh_linhkien
44781,IDWORLD VIỆT NAM,0.0,0,laptop_mayvitinh_linhkien
69829,VINASTAR 9999,0.0,0,laptop_mayvitinh_linhkien
14649,Nguyen Phan,0.0,0,laptop_mayvitinh_linhkien
311782,CÔNG TY TNHH VẬT TƯ PHÚC LONG,4.2,3,laptop_mayvitinh_linhkien
1892,Binaishop,4.3445,690,laptop_mayvitinh_linhkien
287316,BNNISC,0.0,0,laptop_mayvitinh_linhkien
241371,Health365 Store,0.0,0,laptop_mayvitinh_linhkien
268900,FPT OnMeeting,0.0,0,laptop_mayvitinh_linhkien
207558,SONA Tek catch Future breakthroughs,0.0,1,laptop_mayvitinh_linhkien
143949,DQN,0.0,2,laptop_mayvitinh_linhkien
160211,Vinameeting,4.6739,16,laptop_mayvitinh_linhkien
295189,Toshiba Storage Official Store,4.6477,194,laptop_mayvitinh_linhkien
15528,VIETCORP - CÔNG TY CỔ PHẦN VIETCORP,4.6774,0,laptop_mayvitinh_linhkien
224312,Crucial Official Store,4.9091,221,laptop_mayvitinh_linhkien
62751,Đức Anh Computer,4.125,0,laptop_mayvitinh_linhkien
58078,ƯNG Ý,0.0,0,laptop_mayvitinh_linhkien
296464,Samsung Memory Official Store,4.883,0,laptop_mayvitinh_linhkien
296212,WD Official Store,4.6421,730,laptop_mayvitinh_linhkien
209443,iDeals Store,4.5,0,laptop_mayvitinh_linhkien
74226,Binh Minh AVTECH,4.0,0,laptop_mayvitinh_linhkien
297828,TerraMaster Official Store,0.0,56,laptop_mayvitinh_linhkien
203285,TUỆ MẪN PL,4.3002,123,laptop_mayvitinh_linhkien
6975,HACHI STORE,4.6259,0,laptop_mayvitinh_linhkien
212803,Thành Nhân SINCE 1994,4.7694,345,laptop_mayvitinh_linhkien
314495,Vi tính Nhất Sơn,4.336,17,laptop_mayvitinh_linhkien
300782,LENTION STORE,0.0,2,laptop_mayvitinh_linhkien
51420,Phụ Kiện Số Pro,4.1259,48,laptop_mayvitinh_linhkien
198481,Hệ Thống Phụ Kiện,4.7312,0,laptop_mayvitinh_linhkien
17668,INDATA STORE,4.5814,54,laptop_mayvitinh_linhkien
224238,Thegioimaychu,0.0,17,laptop_mayvitinh_linhkien
184740,THIẾT BỊ CÔNG NGHỆ ISA,5.0,0,laptop_mayvitinh_linhkien
352261,ANFA VIỆT NAM,0.0,0,laptop_mayvitinh_linhkien
1242,"Vo Hoang Trading Co.,Ltd",4.7589,1283,laptop_mayvitinh_linhkien
352627,Viễn Thông Minh Đức,4.8235,26,laptop_mayvitinh_linhkien
297182,Authorized Acer Storage,4.6172,364,laptop_mayvitinh_linhkien
355744,ByteBox Store,0.0,0,laptop_mayvitinh_linhkien
236,Dâu Đen,4.5559,2137,laptop_mayvitinh_linhkien
353500,ADTEK,0.0,0,laptop_mayvitinh_linhkien
117455,AKIA Smarthome,3.5,1,laptop_mayvitinh_linhkien
17590,TA ONLINE,4.77778,5,laptop_mayvitinh_linhkien
8305,Mega Technology,4.5021,82,laptop_mayvitinh_linhkien
217686,Mercusys Official Store,4.7215,0,laptop_mayvitinh_linhkien
16472,Công Ty An Nam,5.0,0,laptop_mayvitinh_linhkien
238141,MIKROTIK Authorised Store,4.6,45,laptop_mayvitinh_linhkien
136800,thietbimang,0.0,0,laptop_mayvitinh_linhkien
114925,Viễn thông FICON,0.0,0,laptop_mayvitinh_linhkien
56414,Sun Media,5.0,0,laptop_mayvitinh_linhkien
132722,Netgear Store,4.7895,111,laptop_mayvitinh_linhkien
13880,máy tính Ngọc Anh,3.0,0,laptop_mayvitinh_linhkien
12220,MÁY TÍNH SÀI GÒN,0.0,0,laptop_mayvitinh_linhkien
110401,Thiên Tân Telecom,4.39,59,laptop_mayvitinh_linhkien
82206,Jolie shop 108,3.9333,3,laptop_mayvitinh_linhkien
184953,LOA KÉO VÀ ĐIỆN GIA DỤNG,3.8615,45,laptop_mayvitinh_linhkien
133450,Min shop2000,3.7689,0,laptop_mayvitinh_linhkien
6523,WinhotechVN,4.0651,0,laptop_mayvitinh_linhkien
237989,Cửa hàng công nghệ Mai Tươi,4.0521,0,laptop_mayvitinh_linhkien
293768,NEW DANATA STORE,3.9434,0,laptop_mayvitinh_linhkien
20288,PHỤ KIỆN CÔNG NGHỆ 1,2.4516,0,laptop_mayvitinh_linhkien
187121,Phụ Kiện Hoàn Linh,4.8111,1819,laptop_mayvitinh_linhkien
145378,Prolink Official Store,4.61,620,laptop_mayvitinh_linhkien
284869,ZIK SHOP,0.0,0,laptop_mayvitinh_linhkien
58260,Shop Mall,4.3023,499,laptop_mayvitinh_linhkien
41130,MÁY TÍNH QUANG MINH,4.3571,47,laptop_mayvitinh_linhkien
73219,Viễn Thông VINANET,4.25,15,laptop_mayvitinh_linhkien
2811,THIẾT BỊ MẠNG,4.7619,0,laptop_mayvitinh_linhkien
24341,DIGITECHJSC,4.8,0,laptop_mayvitinh_linhkien
36209,THIẾT BỊ VIỄN THÔNG EICC,0.0,0,laptop_mayvitinh_linhkien
149848,Zinshop,3.875,2,laptop_mayvitinh_linhkien
62067,ThiếtBị ThôngMinh,4.25,0,laptop_mayvitinh_linhkien
136775,Công Nghệ và Dịch Vụ KEYTEK,0.0,0,laptop_mayvitinh_linhkien
60944,Shop Thiết Bị Thông Minh,0.0,0,laptop_mayvitinh_linhkien
315114,Điện tử Ngọc Huân,4.8293,41,laptop_mayvitinh_linhkien
3348,SHOP 57,4.5741,0,laptop_mayvitinh_linhkien
201593,HIỆP PHAN,5.0,2,laptop_mayvitinh_linhkien
358275,Dụng Cụ Anh Dũng,4.7045,6,laptop_mayvitinh_linhkien
39003,CISCOSHOP,4.75,0,laptop_mayvitinh_linhkien
280860,Newmax asia,0.0,0,laptop_mayvitinh_linhkien
182951,Hồng Quang Telecom,4.0,0,laptop_mayvitinh_linhkien
29561,Videas,3.7013,8,laptop_mayvitinh_linhkien
74695,Thiết Bị Mỹ Phẩm Hana KBN,4.7143,353,laptop_mayvitinh_linhkien
166877,ITrack Official Store,0.0,0,laptop_mayvitinh_linhkien
20367,VI TÍNH NAM TRUNG HẢI,4.2472,2086,laptop_mayvitinh_linhkien
43586,TLC Trading,4.4164,483,laptop_mayvitinh_linhkien
125662,UIC MARINE,0.0,0,laptop_mayvitinh_linhkien
299383,HELUKABEL Vietnam,5.0,16,laptop_mayvitinh_linhkien
26008,Vũ Thái Bảo,0.0,0,laptop_mayvitinh_linhkien
195141,Camera Computer Bảo Tín Sài Gòn,0.0,0,laptop_mayvitinh_linhkien
27707,congnghemoi,4.0,4,laptop_mayvitinh_linhkien
160948,Bảo Bình Technology,0.0,0,laptop_mayvitinh_linhkien
21159,THC computer,4.5435,0,laptop_mayvitinh_linhkien
278788,Pixlink Office Store,4.5361,291,laptop_mayvitinh_linhkien
28737,Quang Vinh Computer,0.0,0,laptop_mayvitinh_linhkien
12116,Máy tính Thánh Gióng,0.0,0,laptop_mayvitinh_linhkien
41960,Hồng Quang Group,0.0,0,laptop_mayvitinh_linhkien
40831,CTY TNHH CONG NGHE VNSO,0.0,2,laptop_mayvitinh_linhkien
6298,Thánh Gióng Shop,0.0,3,laptop_mayvitinh_linhkien
299528,LINHKIET TRADING,5.0,2,laptop_mayvitinh_linhkien
199797,Thermaltake Official Store,4.7778,0,laptop_mayvitinh_linhkien
71389,Tranganhcomputer,4.2008,46,laptop_mayvitinh_linhkien
40411,chodientuvn,4.2944,17,laptop_mayvitinh_linhkien
357951,Điện Tử Tin Học EI,0.0,1,laptop_mayvitinh_linhkien
193569,GLAZE OFFICIAL STORE,4.3871,0,laptop_mayvitinh_linhkien
108012,Máy phát nhập khẩu,4.7755,48,laptop_mayvitinh_linhkien
338751,UPS Eaton ADG Store,0.0,0,laptop_mayvitinh_linhkien
179999,KIM ĐỨC,5.0,6,laptop_mayvitinh_linhkien
8417,SUNPOWER-UPS,0.0,0,laptop_mayvitinh_linhkien
86275,Elechome Vietnam,0.0,0,laptop_mayvitinh_linhkien
274709,Phát Lợi Computer,0.0,0,laptop_mayvitinh_linhkien
179506,Shop Mỹ Phẩm Nga,4.6707,91,laptop_mayvitinh_linhkien
269533,TITI Computer,3.5,0,laptop_mayvitinh_linhkien
150169,CuongTriNguyen,4.4396,42,laptop_mayvitinh_linhkien
294635,Kênh Tin Học,0.0,0,laptop_mayvitinh_linhkien
133809,Speed Computer,0.0,0,laptop_mayvitinh_linhkien
173564,Thiết Bị Số Hoàng Phát,0.0,0,laptop_mayvitinh_linhkien
2546,Linh Kiện Store,4.5202,940,laptop_mayvitinh_linhkien
268933,DIZI STORE ONLINE,4.389,105,laptop_mayvitinh_linhkien
188818,Cửa hàng Vi Tính Tân Doanh,5.0,6,laptop_mayvitinh_linhkien
22955,Gold Music,4.1667,2,laptop_mayvitinh_linhkien
243855,Thế Giới Thiết Bị Công Nghệ,4.1111,0,laptop_mayvitinh_linhkien
81329,KLC Shop,0.0,0,laptop_mayvitinh_linhkien
11205,Hoàng Hải Store,4.5139,259,laptop_mayvitinh_linhkien
321132,Razer Flagship Store,4.8286,288,laptop_mayvitinh_linhkien
17480,Ghế Nam Việt,4.6367,4986,laptop_mayvitinh_linhkien
100384,iCore Official Store,4.5435,123,laptop_mayvitinh_linhkien
126154,Laptop Minh Hà,4.3337,164,laptop_mayvitinh_linhkien
5629,Tshop,4.118,256,laptop_mayvitinh_linhkien
144022,SHOP NHÀ BON,4.6198,916,laptop_mayvitinh_linhkien
159903,DEVO SHOP,4.6117,405,laptop_mayvitinh_linhkien
146729,VinCSS Official Store,4.8421,0,laptop_mayvitinh_linhkien
61666,Smart HomeKit,4.8779,0,laptop_mayvitinh_linhkien
140843,Chính HiTech,0.0,0,laptop_mayvitinh_linhkien
119937,ADTECH,4.4908,45,laptop_mayvitinh_linhkien
4294,XP-PEN VIỆT NAM,4.6638,578,laptop_mayvitinh_linhkien
51027,Hyper Flaship store,4.6418,0,laptop_mayvitinh_linhkien
114831,Khắc Tên,4.684,473,laptop_mayvitinh_linhkien
287052,TEEMO PC OFFICIAL STORE,4.0755,15,laptop_mayvitinh_linhkien
308064,Điện Tử HI-END,4.5153,51,laptop_mayvitinh_linhkien
107747,Linh Kiện Laptop Ngân Hà,4.3071,42,laptop_mayvitinh_linhkien
313025,TAKA Phụ Kiện Số,4.7163,1127,thietbiso_phukienso
175147,Nhà Chíp,4.6301,1198,thietbiso_phukienso
301464,Bảo Hộ Lao Động ECo,4.4,2,thietbiso_phukienso
70604,Phụ Kiện PiTi,3.48,5,thietbiso_phukienso
5006,New4all (Tp.HCM),4.1434,348,thietbiso_phukienso
333,Trọng Ân audio,4.6015,497,thietbiso_phukienso
298887,Samgalaxy,4.7358,260,thietbiso_phukienso
69417,BEWISE SHOP,4.5324,143,thietbiso_phukienso
5296,QUEENMOBILE,3.8148,0,thietbiso_phukienso
306428,AUDIO TECHNICA OFFICIAL STORE,0.0,5,thietbiso_phukienso
34476,508shop,4.5736,96,thietbiso_phukienso
5454,Ficmobile,3.3171,0,thietbiso_phukienso
60424,Phụ Kiện Số Minh Hải,0.0,0,thietbiso_phukienso
65533,Happy Tech Store,3.6754,63,thietbiso_phukienso
354164,SoundMax Official,0.0,1,thietbiso_phukienso
315502,Choetech Flagship Store,4.5,31,thietbiso_phukienso
4370,Dịch vụ Minh Tuấn,3.531,60,thietbiso_phukienso
34298,Linh Kiện Thiện Phát,2.3333,0,thietbiso_phukienso
94719,DA store Đồ Chơi Công Nghệ,0.0,0,thietbiso_phukienso
138101,Halo Việt,4.1427,79,thietbiso_phukienso
7306,Vua Phụ Kiện,0.0,0,thietbiso_phukienso
71839,Phụ kiện số 95,2.875,0,thietbiso_phukienso
52525,An Khang Computer,4.7546,76,thietbiso_phukienso
231102,shop baokhang,3.9783,9,thietbiso_phukienso
192004,Logitech Official Store,4.8034,6452,thietbiso_phukienso
55656,GMusic JSC,4.6667,112,thietbiso_phukienso
101545,Shop Bigbang,0.0,0,thietbiso_phukienso
89292,LinhTinh Shop,3.6276,24,thietbiso_phukienso
75354,Thăng Long Music,4.566,134,thietbiso_phukienso
214773,DHT Group Store,0.0,5,thietbiso_phukienso
297205,FIRO OFFICIAL STORE,4.7965,200,thietbiso_phukienso
326846,MinhAnh Mobile,0.0,0,thietbiso_phukienso
311091,DIDONGVIET.VN Official,4.6522,0,thietbiso_phukienso
4343,Salomon vietnam,4.7135,493,thietbiso_phukienso
9606,Remax Việt Nam,4.449,738,thietbiso_phukienso
248374,SHOKZ Official Store,4.8125,311,thietbiso_phukienso
114828,Gala Shop,3.6667,30,thietbiso_phukienso
235752,QUEEN MOBILE STORE,0.0,0,thietbiso_phukienso
228602,Xiaodu Official Store,5.0,0,thietbiso_phukienso
363379,Volwatt Việt Nam,0.0,0,thietbiso_phukienso
314885,ACEFAST Store,5.0,0,thietbiso_phukienso
324269,Elecom Shop,0.0,0,thietbiso_phukienso
193551,HTech Phụ Kiện Điện Thoại,4.75,4,thietbiso_phukienso
115181,Thế Giới Phụ Kiện Mobi,4.256,0,thietbiso_phukienso
146547,phụ kiện quốc thành,4.4925,0,thietbiso_phukienso
145417,Dalton Shop,4.75,29,thietbiso_phukienso
2586,Hoàng Phát 360,0.0,0,thietbiso_phukienso
66523,V shop,0.0,0,thietbiso_phukienso
326065,Tai nghe Bluetooth mũ bảo hiểm SCS,5.0,2,thietbiso_phukienso
7147,Minh Tech,3.7254,28,thietbiso_phukienso
306658,Logitech G Official Store,4.7802,0,thietbiso_phukienso
4166,mydevice,4.0413,0,thietbiso_phukienso
12941,Đại Nam Sky Music,4.5581,0,thietbiso_phukienso
286302,EDIFIER MEDIA,4.75,100,thietbiso_phukienso
140041,truongthinhtechnology,5.0,38,thietbiso_phukienso
109894,Gia dụng Gia Huy,3.8605,10,thietbiso_phukienso
19498,Phương Phương Store,4.3272,1062,thietbiso_phukienso
4997,HXSJ Official Store,4.4288,1182,thietbiso_phukienso
26029,Mart 96,4.255,0,thietbiso_phukienso
337059,TRANSPARENT Official Store,0.0,0,thietbiso_phukienso
351292,Cyboris Official Store,4.8261,0,thietbiso_phukienso
45329,AIO Service,0.0,0,thietbiso_phukienso
98151,TN Gifts,4.5,0,thietbiso_phukienso
66824,SocpiStore,4.3575,0,thietbiso_phukienso
246956,Phụ Kiện Gu,3.9565,12,thietbiso_phukienso
188895,CameraMini,3.8138,85,thietbiso_phukienso
169819,THẾ GIỚI LOA DI ĐỘNG,4.099,71,thietbiso_phukienso
3976,SVS Loa và Subwoofer,5.0,70,thietbiso_phukienso
51328,TrucTuyen24h,3.9298,5,thietbiso_phukienso
3163,Pacific,3.945,81,thietbiso_phukienso
3942,MICROLABMIENNAM,0.0,89,thietbiso_phukienso
248532,Ehomepire,4.6623,62,thietbiso_phukienso
60611,WHISKY AMZ,3.2381,0,thietbiso_phukienso
144432,THẾ GIỚI LOA DI ĐỘNG HCM,4.0488,0,thietbiso_phukienso
77105,Divoom Store,4.6809,363,thietbiso_phukienso
77095,VÒNG HUYẾT ÁP TOMA NHẬT BẢN,0.0,0,thietbiso_phukienso
106288,ĐIỆN MÁY NHẬT CƯỜNG,0.0,0,thietbiso_phukienso
155842,District M,4.9063,418,thietbiso_phukienso
318601,DNIX Fast,0.0,0,thietbiso_phukienso
174307,BẢO DƯƠNG,5.0,0,thietbiso_phukienso
183311,HTH Store,4.3152,0,thietbiso_phukienso
2200,Tramhoangle Store,5.0,1,thietbiso_phukienso
29899,Công Nghệ 5S,4.4322,19,thietbiso_phukienso
7309,Vua Phụ Kiện 1,5.0,0,thietbiso_phukienso
73390,Công Nghệ Bình Minh,4.0,4,thietbiso_phukienso
187450,Yến Sào Nguyên An ST,3.9912,27,thietbiso_phukienso
286974,THẾ GIỚI ÂM THANH 68,4.4167,0,thietbiso_phukienso
151458,DJ AUDIO,0.0,7,thietbiso_phukienso
184363,Rin Audio,3.6364,6,thietbiso_phukienso
10680,Thuận Phát,4.5556,7,thietbiso_phukienso
185059,ÂM THANH LOA KÉO SUYANG,0.0,6,thietbiso_phukienso
191311,điện tử linh tinh,3.0,1,thietbiso_phukienso
73094,Máy Trợ Giảng An Phát,4.7429,16,thietbiso_phukienso
151103,THẾ GIỚI MUA SẮM ĐIỆN MÁY,4.2,0,thietbiso_phukienso
29693,Phukien360,4.0592,0,thietbiso_phukienso
8717,maytrogiang,0.0,0,thietbiso_phukienso
212008,CV Official Store,4.2303,66,thietbiso_phukienso
164591,CÁT THỦY AUDIO,4.5283,53,thietbiso_phukienso
18325,YUNTENG OFFICIAL,4.2422,0,thietbiso_phukienso
308181,CONGNGHESHOP,0.0,1,thietbiso_phukienso
268980,Saramonic Official Store,4.5714,0,thietbiso_phukienso
141495,DZ store,0.0,0,thietbiso_phukienso
2215,Máy Ảnh JP,4.2111,0,thietbiso_phukienso
172720,Đô rê mon,4.0054,395,thietbiso_phukienso
119404,BÒN BON STORE,3.9545,0,thietbiso_phukienso
109539,Ha Bich Trading,3.9921,0,thietbiso_phukienso
23017,Remax Now,0.0,0,thietbiso_phukienso
94247,Tis Việt Nam,0.0,0,thietbiso_phukienso
13061,Lơn Vàng,2.7179,0,thietbiso_phukienso
127051,TrustBuy,4.7327,5633,thietbiso_phukienso
206856,SHOP HystericGlamour,1.0,0,thietbiso_phukienso
303804,T O D A,4.5385,0,thietbiso_phukienso
8813,NHẠC CỤ LÊ MINH,4.617,60,thietbiso_phukienso
279683,Kai N Accessory,4.6421,0,thietbiso_phukienso
158862,Art H Store,4.583,854,thietbiso_phukienso
356307,Saffronclub,5.0,3,thietbiso_phukienso
337115,Kai.N Official Store,4.641,52,thietbiso_phukienso
169111,BMB Minh Tuấn,0.0,0,thietbiso_phukienso
33296,avstar,4.6914,0,thietbiso_phukienso
16754,CHU VŨ SHOP,4.5449,0,thietbiso_phukienso
211436,ĐỘNG CƠ MOTOR GIẢM TỐC,0.0,2,thietbiso_phukienso
115813,Royal Stores,3.7798,0,thietbiso_phukienso
157859,Thiết Bị Điện Máy Hậu Lan,4.0252,0,thietbiso_phukienso
274278,Dola Home,4.7143,106,thietbiso_phukienso
359009,Âm Thanh Hải Triều,0.0,0,thietbiso_phukienso
8511,CH Tân Từ Điển,0.0,0,thietbiso_phukienso
175784,Dientu179,5.0,0,thietbiso_phukienso
349645,Xe Điện EGO,0.0,0,thietbiso_phukienso
136781,onemaxs,0.0,2,thietbiso_phukienso
73953,ThiAudio,0.0,0,thietbiso_phukienso
75234,Lê Quang Store,4.5736,287,thietbiso_phukienso
20001,khanhchaudigital,4.61,0,thietbiso_phukienso
80592,hoangyengame,0.0,1,thietbiso_phukienso
142390,Vertagear,0.0,0,thietbiso_phukienso
298861,Tundo Official,4.7778,76,thietbiso_phukienso
41007,VIETMART 668,4.5702,325,thietbiso_phukienso
14051,Shop Vali Balo,4.2636,0,thietbiso_phukienso
58789,Tech7,4.5751,781,thietbiso_phukienso
162657,AMA Store,4.5212,8535,thietbiso_phukienso
178289,Smart For Kids,4.945,1015,thietbiso_phukienso
134527,family68,3.8877,39,thietbiso_phukienso
114052,Minh Quang Tech,4.1538,6,thietbiso_phukienso
332835,imoo Official Store,5.0,9,thietbiso_phukienso
336367,TIWI CARE,0.0,0,thietbiso_phukienso
1681,vinnet,0.0,0,thietbiso_phukienso
328271,ShopSolo,0.0,3,thietbiso_phukienso
148809,AZ HOUSE,4.6483,281,thietbiso_phukienso
104628,CasemeStore,4.3139,275,thietbiso_phukienso
22183,Phụ kiện Dế Cưng,4.4736,396,thietbiso_phukienso
181356,Phụ Kiện Bingo,4.4003,65,thietbiso_phukienso
181601,Phụ Kiện ATZVN,4.3729,93,thietbiso_phukienso
193791,ADZ Store,4.3908,11,thietbiso_phukienso
2402,Metroshop,4.3089,0,thietbiso_phukienso
5822,Shop Mrhi,4.5214,1664,thietbiso_phukienso
12425,bbhcm,3.6256,60,thietbiso_phukienso
99861,SAIGIO,4.8188,759,thietbiso_phukienso
1102,JOWAYVIETNAM,3.9149,17,thietbiso_phukienso
166242,KEM Leather,4.3467,72,thietbiso_phukienso
212396,AZMarine,0.0,2,thietbiso_phukienso
227086,Siêu Thị Bộ Đàm,4.625,70,thietbiso_phukienso
44884,Kinh Bắc,4.5,0,thietbiso_phukienso
181995,Thiết Bị Đo HN,4.75,0,thietbiso_phukienso
172818,codienshop,4.62,126,thietbiso_phukienso
354397,Hưng Khôi Nguyên,0.0,0,thietbiso_phukienso
307226,HKTECH SMART HOME,0.0,1,thietbiso_phukienso
155049,Techino,0.0,0,thietbiso_phukienso
121587,SOLAR SÔNG LAM,5.0,9,thietbiso_phukienso
85931,BẢO LONG ELECTRIC,4.5774,75,thietbiso_phukienso
344504,ETDCRANE,0.0,0,thietbiso_phukienso
113616,VSET COM,0.0,6,thietbiso_phukienso
204196,BA GPS,0.0,2,thietbiso_phukienso
12954,MCBooks,4.8481,10145,thietbiso_phukienso
1569,Gia Dụng thông minh,4.5662,33,thietbiso_phukienso
354205,TT Solutions,0.0,0,thietbiso_phukienso
361350,StartCardsVN,0.0,0,thietbiso_phukienso
81452,PixelTechnology,5.0,0,thietbiso_phukienso
220425,Cửa Hàng Thiết Bị Điện Kỹ Thuật,5.0,8,thietbiso_phukienso
315782,Office Chill Official,4.7727,28,thietbiso_phukienso
304788,SwitchBot Official Store,0.0,0,thietbiso_phukienso
108172,BrandPC,5.0,7,thietbiso_phukienso
364557,Smart Room,4.5,0,thietbiso_phukienso
223997,SAIGON Smart Home,5.0,11,thietbiso_phukienso
111991,CỬA HÀNG VI TÍNH THIẾT BỊ ĐIỆN PHÚ THÀNH,4.5417,25,thietbiso_phukienso
18968,"MTDV.,JSC",3.6735,0,thietbiso_phukienso
234632,CÔNG TY TNHH TMDV SX SUNLY,0.0,0,thietbiso_phukienso
355009,NGÔ HUỲNH SMARTHOME,5.0,1,thietbiso_phukienso
228206,Nông nghiệp Số AgriConnect,0.0,0,thietbiso_phukienso
185282,Thiết Bị Điện Thông Minh Số,3.75,2,thietbiso_phukienso
45379,công tắc điện thông minh Vsmarttek,0.0,0,thietbiso_phukienso
54876,iSteam Robot,0.0,0,thietbiso_phukienso
301529,TNT STORES,0.0,0,thietbiso_phukienso
296903,HALULA,4.7778,10,thietbiso_phukienso
171824,MAGIX,4.7754,417,thietbiso_phukienso
12392,Ledanco Store,4.6,57,thietbiso_phukienso
5718,DOBO HÀN QUỐC,4.4583,22,thietbiso_phukienso
103325,tinphongvina,4.3899,95,thietbiso_phukienso
175165,Vinasemi,4.6444,21,thietbiso_phukienso
122473,SM Computer,4.0909,0,thietbiso_phukienso
47284,Phụ Kiện Trường Thịnh,4.0,8,thietbiso_phukienso
330212,SanDisk Flagship Store,4.6667,0,thietbiso_phukienso
12384,DETEK,3.9737,30,thietbiso_phukienso
182946,Sim số đẹp 01,2.6471,44,thietbiso_phukienso
1344,CÔNG TY HUỆ MINH,4.519,0,thietbiso_phukienso
172200,Thế Giới Hàng Tiêu Dùng,4.325,44,thietbiso_phukienso
125536,Kim Lộc Phát Store,0.0,3,thietbiso_phukienso
151509,Bảo Đan Express,4.5185,21,thietbiso_phukienso
242619,Sim Thạch Thất 368,4.7452,276,thietbiso_phukienso
82158,Công nghệ KTM,4.6,0,thietbiso_phukienso
118406,Vạn Tín Store,4.5081,1089,thietbiso_phukienso
355356,Quatangsongvui,5.0,0,thietbiso_phukienso
9028,HASAN,4.4241,217,thietbiso_phukienso
216060,Phụ kiện điện thoại 1993,4.1186,0,thietbiso_phukienso
275508,AKUS STORE,0.0,0,thietbiso_phukienso
196778,Aukey Flagship Store,4.8654,0,thietbiso_phukienso
75502,Atech Store,3.56818,0,thietbiso_phukienso
189772,Quạt Điện Cơ Home Center,3.2397,8,thietbiso_phukienso
291290,Pon Case,0.0,0,thietbiso_phukienso
69125,super mart,4.5979,250,thietbiso_phukienso
217568,NEM RÁN HÀ THÀNH HOÀNG MAI,1.0,0,thietbiso_phukienso
351282,QUỐC LINH KLKG,5.0,2,thietbiso_phukienso
206833,VÌ DÂN PHỤC VỤ STOREMEDIAMARK,0.0,0,thietbiso_phukienso
312596,Baseus Official Online Store,4.568,0,thietbiso_phukienso
34429,NewShop Official,4.7065,16072,thietbiso_phukienso
103123,Shop Tân Xuân,2.1404,0,thietbiso_phukienso
46828,CH Phụ Kiện A Sáng,5.0,0,thietbiso_phukienso
205511,MéMọn Store,1.41667,0,thietbiso_phukienso
55375,Hồng Nhân Store,0.0,0,thietbiso_phukienso
108432,PHỤ KIỆN THỜI TRANG NAIL,4.2123,8,thietbiso_phukienso
20945,Minh Minh Shop,3.2049,0,thietbiso_phukienso
14966,MacbookShop,4.1916,0,thietbiso_phukienso
305220,Naisu Tech,0.0,2,thietbiso_phukienso
97798,Tca mobile,3.9931,41,thietbiso_phukienso
1028,TAVANA,4.4212,821,thietbiso_phukienso
286329,BjBjStore,4.5172,5,thietbiso_phukienso
29916,Minh Hoàng Shop,4.55529,4,thietbiso_phukienso
332688,Philips Accessories Official Store,0.0,1,thietbiso_phukienso
93408,eXtreme Official,4.6329,143,thietbiso_phukienso
265379,Phụ Kiện BH,4.646,52,thietbiso_phukienso
39583,IT Shop,4.2093,3,thietbiso_phukienso
214644,SHOP PHỤ KIỆN ĐIỆN THOẠI THÔNG MINH,4.1563,10,thietbiso_phukienso
184976,Phụ kiện nhà cửa và xe hơi,4.1625,122,thietbiso_phukienso
9884,Ugreen Official Store,4.7625,5078,thietbiso_phukienso
40660,Mai Lee House,4.4828,1721,thietbiso_phukienso
197227,OOE HITECH,1.74074,14,thietbiso_phukienso
115500,V TECH,4.3624,0,thietbiso_phukienso
13076,Lợn Nhựa,2.881,0,thietbiso_phukienso
146860,QUADVIC,3.9633,9,thietbiso_phukienso
165733,xuannguyenshop,0.0,3,thietbiso_phukienso
274228,Phụ kiện Bảo Phong Store,4.1818,0,thietbiso_phukienso
58795,WikimartVN,3.0,0,thietbiso_phukienso
211303,HLA SHOP,4.8806,239,thietbiso_phukienso
347305,DRU STORE,0.0,0,thietbiso_phukienso
227229,Kênh phụ kiện Mocato,3.8462,0,thietbiso_phukienso
104545,68 Shop,3.8286,17,thietbiso_phukienso
2753,YEBISU VIET NAM,4.2565,224,thietbiso_phukienso
16843,Minh Nguyen Easy Retail,4.6048,428,thietbiso_phukienso
1140,SHOP NOI THAT OTO CIND,4.4058,0,thietbiso_phukienso
210039,Phong Sơn Phụ Kiện,0.0,0,thietbiso_phukienso
1120,Store HOÀNG GIA,4.5357,41,thietbiso_phukienso
94947,TOKYO MAX,4.3509,0,thietbiso_phukienso
354862,Goodyear Official,0.0,0,thietbiso_phukienso
122588,USLION,4.1767,179,thietbiso_phukienso
3618,Fantasy,4.2556,5,thietbiso_phukienso
296180,HABA VINA,0.0,0,thietbiso_phukienso
49636,Phụ Kiện Điện Thoại TH,3.2826,11,thietbiso_phukienso
14835,Cân điện tử CAS Việt Nam,4.0,0,thietbiso_phukienso
198646,Trọng Phú mobile,4.0432,18,thietbiso_phukienso
9282,PISEN STORE,4.4749,367,thietbiso_phukienso
97452,Linh Kiện Chất,4.0976,0,thietbiso_phukienso
150479,NK LUBE CENTER SHOP,4.6012,353,thietbiso_phukienso
310746,Mi Long Biên,0.0,1,thietbiso_phukienso
47994,Ốp lưng Sài Gòn,4.4595,680,thietbiso_phukienso
67729,Shop phật giáo hoa sen,4.459,248,thietbiso_phukienso
10613,OLSG Case,4.5044,1408,thietbiso_phukienso
46899,LONG Case,4.4642,751,thietbiso_phukienso
9668,iCase Hà Nội,4.215,378,thietbiso_phukienso
255045,SHOP QUỐC ĐẠT,4.0755,7,thietbiso_phukienso
37335,TRIỀU CƯỜNG TECH OFFICIAL ,4.6742,295,thietbiso_phukienso
270031,CORAN STORE,4.1653,123,thietbiso_phukienso
56711,THỊNH PHÁT SHOP,4.2863,420,thietbiso_phukienso
141792,Shop Mạnh Tiến,4.4458,2746,thietbiso_phukienso
67487,hearme,4.8,3,thietbiso_phukienso
86047,Ulanzi Store,4.5319,0,thietbiso_phukienso
2676,opba.vn,4.2122,178,thietbiso_phukienso
86038,Gỗ Đức Thành,4.8264,234,thietbiso_phukienso
162437,Phu Kien Quynh Anh,4.5065,0,thietbiso_phukienso
360155,LIFXY VN,0.0,0,thietbiso_phukienso
325960,Model Car,4.3,3,thietbiso_phukienso
316228,Tổng kho gia dụng tiện nghi,0.0,0,thietbiso_phukienso
297204,Phụ kiện 1983,0.0,0,thietbiso_phukienso
123178,Moon Case,5.0,3,thietbiso_phukienso
226765,COMF Store,4.6226,15,thietbiso_phukienso
45683,GấuMẹ Shop,4.2908,60,thietbiso_phukienso
4189,Y Tế Lộc,4.6079,1797,thietbiso_phukienso
76045,New Sky Shop 18,4.6321,11214,thietbiso_phukienso
21959,SIÊU THỊ TÚI VẢI,4.8436,750,thietbiso_phukienso
299960,Arthouse Shop,4.6286,0,thietbiso_phukienso
201456,TOPBAG Vali Balo Túi,4.7746,0,thietbiso_phukienso
241863,SHOP MẠNH PHỤ KIỆN,3.9338,19,thietbiso_phukienso
1798,SAKOS Store,4.6265,1814,thietbiso_phukienso
345937,Mina Shop1,3.88,0,thietbiso_phukienso
298948,ZuBu Shop,5.0,0,thietbiso_phukienso
243315,Nấm Case,4.3287,0,thietbiso_phukienso
6937,Congngheso Store,4.3422,146,thietbiso_phukienso
258413,TuanAnh Store,3.88,7,thietbiso_phukienso
7208,Phụ Kiện Thông Minh,4.2729,202,thietbiso_phukienso
5595,Mycase,4.0818,0,thietbiso_phukienso
4453,Nettacase,0.0,0,thietbiso_phukienso
265554,Gor Shop,4.525,0,thietbiso_phukienso
168227,TopK Store,4.4602,0,thietbiso_phukienso
216404,MODE MOBILE,0.0,0,thietbiso_phukienso
260317,Tony Accessory,0.0,0,thietbiso_phukienso
346576,Vali Boutique Q11,0.0,0,thietbiso_phukienso
186689,OLUDA,4.445,55,thietbiso_phukienso
233783,Timinshop,4.4744,217,thietbiso_phukienso
108097,Cá Voi Xanh Store,4.4874,0,thietbiso_phukienso
108038,phụ kiện thời trang số CH1,3.7744,10,thietbiso_phukienso
90027,Kính Cường Lực Quận 7,5.0,0,thietbiso_phukienso
18518,Cty Web Phụ Kiện,4.1466,30,thietbiso_phukienso
5684,Handtown,4.0332,0,thietbiso_phukienso
48728,MISU SHOP 1,4.16,6,thietbiso_phukienso
45706,Cửa Hàng T & H,3.2486,0,thietbiso_phukienso
253302,Phụ Kiện 888,4.6364,3,thietbiso_phukienso
43522,Phụ Kiện bán buôn,0.0,0,thietbiso_phukienso
17673,Tuệ Lâm shop,4.3293,372,thietbiso_phukienso
190312,I Case Store,0.0,0,thietbiso_phukienso
145413,THANH LX,4.408,70,thietbiso_phukienso
244107,Ghiền Phụ Kiện,4.3939,0,thietbiso_phukienso
46412,Đồng Hồ Thông Minh,3.9612,0,thietbiso_phukienso
51025,Mipow Flaship store,4.4634,0,thietbiso_phukienso
16465,HANAKO,3.869,0,thietbiso_phukienso
271870,Gold Iphone Store,5.0,3,thietbiso_phukienso
257872,Lew Case Shop Công Nghệ,4.8182,10,thietbiso_phukienso
252876,shop xế đẹp online,4.1429,0,thietbiso_phukienso
294405,Phụ Kiện Hoda,0.0,0,thietbiso_phukienso
54282,Photodesign VN Official ,4.545,3256,thietbiso_phukienso
120907,UAG STORE,4.7551,0,thietbiso_phukienso
155887,Ngân hàng phụ kiện HCM,4.1224,82,thietbiso_phukienso
289406,ST Case,4.7349,0,thietbiso_phukienso
159682,Blue Auto,4.4998,8,thietbiso_phukienso
64195,Phantomeditionvn,0.0,0,thietbiso_phukienso
90237,bé tin hin,4.2523,0,thietbiso_phukienso
35817,Harman Store,0.0,8,thietbiso_phukienso
312998,Bum Store Ốp Lưng Galaxy,4.5385,76,thietbiso_phukienso
24172,Shop Phụ Kiện Hiếm,4.5414,0,thietbiso_phukienso
129244,DULI H0USE,4.2738,0,thietbiso_phukienso
110932,T Case,4.5794,0,thietbiso_phukienso
124840,Shop Thành Nhi,4.418,223,thietbiso_phukienso
101305,BBPlus,4.0392,11,thietbiso_phukienso
153180,AutoCase,4.5513,5,thietbiso_phukienso
56614,phukienta,4.5821,0,thietbiso_phukienso
28110,Thule Việt Nam,0.0,2,thietbiso_phukienso
290830,PhụKiệnKK,4.4667,7,thietbiso_phukienso
1939,Phụ Kiện Samsung,0.0,0,thietbiso_phukienso
50370,SHOP MẠNH TÂM,3.8476,16,thietbiso_phukienso
167140,Thế Giới Gaming,4.1272,172,thietbiso_phukienso
8024,Phụ Kiện Công Nghệ,3.8706,7,thietbiso_phukienso
245079,Shop Vital,4.8667,0,thietbiso_phukienso
308640,HANAstore01,4.75,0,thietbiso_phukienso
364743,iTitan,0.0,1,thietbiso_phukienso
120858,Thiên Phú Shop,0.0,0,thietbiso_phukienso
261473,Onion Decor,4.5802,75,thietbiso_phukienso
255465,FRAP thiết bị vệ sinh,4.7778,16,thietbiso_phukienso
274001,Phụ Kiện Khánh Huyền,0.0,0,thietbiso_phukienso
185911,AppleA,4.4143,6,thietbiso_phukienso
258090,Gia Long Genuine Store,4.4286,0,thietbiso_phukienso
20329,HUCHU,4.1142,311,thietbiso_phukienso
268097,DGhome,0.0,0,thietbiso_phukienso
341839,NetCAM Official Store,5.0,3,thietbiso_phukienso
329889,WonderITC,0.0,0,thietbiso_phukienso
155662,123456677899,4.375,0,thietbiso_phukienso
168802,UNIVISION STORE,0.0,0,thietbiso_phukienso
101662,ShopQuangSon,3.7981,0,thietbiso_phukienso
191404,HTSmart,4.3898,339,thietbiso_phukienso
102810,HT SYS Official Store,4.477,780,thietbiso_phukienso
201269,Crazy Cool Official,4.3028,0,thietbiso_phukienso
105,LATA OFFICIAL,4.6673,20400,thietbiso_phukienso
135215,Yen Vi Shop,4.6206,197,thietbiso_phukienso
253372,Đức Tuấn Shop,4.6796,81,thietbiso_phukienso
181498,BỤI LEATHER OFFICIAL,4.7153,2768,thietbiso_phukienso
150419,Phương Nam PNT,4.36364,7,thietbiso_phukienso
361232,Thư Trần Store Natural,3.4,0,thietbiso_phukienso
190,Otel Mobile,4.1568,82,thietbiso_phukienso
329374,HN COMPUTER,0.0,0,thietbiso_phukienso
274969,VuTran,5.0,2,thietbiso_phukienso
260392,SMART LILI6,0.0,0,thietbiso_phukienso
55546,GBox,0.0,0,thietbiso_phukienso
184424,Điện Máy AZ,0.0,0,thietbiso_phukienso
9786,Kiwivision,3.5774,0,thietbiso_phukienso
304271,laubab,0.0,0,thietbiso_phukienso
11960,SURFACEVIET,4.4444,0,thietbiso_phukienso
266078,DDHCM STORE,4.7022,0,thietbiso_phukienso
14145,Phạm Lê Gia,4.1818,0,thietbiso_phukienso
229023,Nhà Sách Phương Nam,4.6937,4121,thietbiso_phukienso
206922,Duyuyen,3.8667,0,thietbiso_phukienso
227098,MECITEK SHOP,0.0,0,thietbiso_phukienso
83395,ĐIỆN TỬ BẢO THU,0.0,0,thietbiso_phukienso
360564,HAPPY DEAL VN,0.0,0,thietbiso_phukienso
60182,NIKKO Official,0.0,0,thietbiso_phukienso
194483,Anh Tú Computer 591,4.5849,49,thietbiso_phukienso
20853,Goka,0.0,0,thietbiso_phukienso
201618,LABYCOMESTIC,0.0,0,thietbiso_phukienso
53660,Nhà sách Fahasa,4.8165,149368,thietbiso_phukienso
111252,Bảng vẽ điện tử XPPEN,4.5342,79,thietbiso_phukienso
107783,Tân Gia Huy,0.0,0,thietbiso_phukienso
287,Hạt Gạo Store,0.0,0,thietbiso_phukienso
310066,Techlab Store,5.0,6,thietbiso_phukienso
301323,Trần Vy Anh,0.0,0,thietbiso_phukienso
166494,Phụ Kiện Thông Minh Global,4.8824,10,thietbiso_phukienso
165175,viettrade,0.0,1,thietbiso_phukienso
76825,Thành Đạt Mt,3.8163,1,thietbiso_phukienso
362212,ShopTrendyX,0.0,0,thietbiso_phukienso
240316,Điện Thoại Cộng,0.0,0,thietbiso_phukienso
263917,Tự Động Hoá An Vỹ,0.0,1,thietbiso_phukienso
306072,Vi Tính HH,0.0,0,thietbiso_phukienso
4526,UCSS Inc,4.8476,323,thietbiso_phukienso
209459,BẢNG VẼ ĐIỆN TỬ,4.5882,14,thietbiso_phukienso
13834,ĐIỆN MÁY - TIN HỌC LONG BÌNH,4.3582,27,thietbiso_phukienso
14360,Sky,4.5714,3,thietbiso_phukienso
1836,Đồ Họa Việt Ltd,4.5769,11,thietbiso_phukienso
16726,Venado.,0.0,0,thietbiso_phukienso
155953,Mazer Store,4.7391,50,thietbiso_phukienso
58480,AVC Hà Nội,4.0909,0,thietbiso_phukienso
207931,Công Nghệ Ngân Thanh,5.0,0,thietbiso_phukienso
196738,TOPTOPSTORE,4.2281,0,thietbiso_phukienso
18637,FT&T,4.3861,0,thietbiso_phukienso
52732,TOPSTORE,4.344,0,thietbiso_phukienso
305634,ASWEI OFFICIAL STORE,4.9125,101,thietbiso_phukienso
28204,9Tech,4.0,2,thietbiso_phukienso
180703,Máy tính Khôi Nguyên,0.0,0,thietbiso_phukienso
88461,TOPSTORE HÀ NỘI,3.96,0,thietbiso_phukienso
22022,store24h,3.1,0,thietbiso_phukienso
